ts,appid,name,players
2026-07-23T00:00:00Z,2806050,Halo: Campaign Evolved,18409
2026-07-24T00:00:00Z,2806050,Halo: Campaign Evolved,19992
2026-07-25T00:00:00Z,2806050,Halo: Campaign Evolved,15840
2026-07-26T00:00:00Z,2806050,Halo: Campaign Evolved,12747
2026-07-27T00:00:00Z,2806050,Halo: Campaign Evolved,10398
2026-07-28T00:00:00Z,2806050,Halo: Campaign Evolved,21632
2026-07-29T00:00:00Z,2806050,Halo: Campaign Evolved,25376
2026-07-30T00:00:00Z,2806050,Halo: Campaign Evolved,17209
2026-07-31T00:00:00Z,2806050,Halo: Campaign Evolved,14127
2026-08-01T00:00:00Z,2806050,Halo: Campaign Evolved,14978
2026-08-02T00:00:00Z,2806050,Halo: Campaign Evolved,13740
2026-08-03T00:00:00Z,2806050,Halo: Campaign Evolved,11190
2026-08-03T01:00:00Z,2806050,Halo: Campaign Evolved,11201
2026-08-03T02:00:00Z,2806050,Halo: Campaign Evolved,11075
2026-08-03T03:00:00Z,2806050,Halo: Campaign Evolved,10115
2026-08-03T04:00:00Z,2806050,Halo: Campaign Evolved,8463
2026-08-03T05:00:00Z,2806050,Halo: Campaign Evolved,6874
2026-08-03T06:00:00Z,2806050,Halo: Campaign Evolved,5380
2026-08-03T07:00:00Z,2806050,Halo: Campaign Evolved,4250
2026-08-03T08:00:00Z,2806050,Halo: Campaign Evolved,3387
2026-08-03T09:00:00Z,2806050,Halo: Campaign Evolved,3035
2026-08-03T10:00:00Z,2806050,Halo: Campaign Evolved,2836
2026-08-03T11:00:00Z,2806050,Halo: Campaign Evolved,2839
2026-08-03T12:00:00Z,2806050,Halo: Campaign Evolved,2941
2026-08-03T13:00:00Z,2806050,Halo: Campaign Evolved,3221
2026-08-03T14:00:00Z,2806050,Halo: Campaign Evolved,3496
2026-08-03T15:00:00Z,2806050,Halo: Campaign Evolved,3811
2026-08-03T16:00:00Z,2806050,Halo: Campaign Evolved,4190
2026-08-03T17:00:00Z,2806050,Halo: Campaign Evolved,4753
2026-08-03T18:00:00Z,2806050,Halo: Campaign Evolved,5264
2026-08-03T19:00:00Z,2806050,Halo: Campaign Evolved,5728
2026-08-03T20:00:00Z,2806050,Halo: Campaign Evolved,5853
2026-08-03T21:00:00Z,2806050,Halo: Campaign Evolved,5862
2026-08-03T22:00:00Z,2806050,Halo: Campaign Evolved,6109
2026-08-03T23:00:00Z,2806050,Halo: Campaign Evolved,6943
2026-08-04T00:00:00Z,2806050,Halo: Campaign Evolved,8162
2026-08-04T01:00:00Z,2806050,Halo: Campaign Evolved,8706
2026-08-04T02:00:00Z,2806050,Halo: Campaign Evolved,8652
2026-08-04T03:00:00Z,2806050,Halo: Campaign Evolved,8372
2026-08-04T04:00:00Z,2806050,Halo: Campaign Evolved,7058
2026-08-04T05:00:00Z,2806050,Halo: Campaign Evolved,5645
2026-08-04T06:00:00Z,2806050,Halo: Campaign Evolved,4267
2026-08-04T07:00:00Z,2806050,Halo: Campaign Evolved,3286
2026-08-04T08:00:00Z,2806050,Halo: Campaign Evolved,2690
2026-08-04T09:00:00Z,2806050,Halo: Campaign Evolved,2445
2026-08-04T10:00:00Z,2806050,Halo: Campaign Evolved,2351
2026-08-04T11:00:00Z,2806050,Halo: Campaign Evolved,2344
2026-08-04T12:00:00Z,2806050,Halo: Campaign Evolved,2424
2026-08-04T13:00:00Z,2806050,Halo: Campaign Evolved,2608
2026-08-04T14:00:00Z,2806050,Halo: Campaign Evolved,2774
2026-08-04T15:00:00Z,2806050,Halo: Campaign Evolved,2992
2026-08-04T16:00:00Z,2806050,Halo: Campaign Evolved,3170
2026-08-04T17:00:00Z,2806050,Halo: Campaign Evolved,3571
2026-08-04T18:00:00Z,2806050,Halo: Campaign Evolved,4013
2026-08-04T19:00:00Z,2806050,Halo: Campaign Evolved,4508
2026-08-04T20:00:00Z,2806050,Halo: Campaign Evolved,4627
2026-08-04T21:00:00Z,2806050,Halo: Campaign Evolved,4607
2026-08-04T22:00:00Z,2806050,Halo: Campaign Evolved,5047
2026-08-04T23:00:00Z,2806050,Halo: Campaign Evolved,5871
2026-08-05T00:00:00Z,2806050,Halo: Campaign Evolved,6824
2026-08-05T01:00:00Z,2806050,Halo: Campaign Evolved,7321
2026-08-05T02:00:00Z,2806050,Halo: Campaign Evolved,7358
2026-08-05T03:00:00Z,2806050,Halo: Campaign Evolved,7040
2026-08-05T04:00:00Z,2806050,Halo: Campaign Evolved,6176
2026-08-05T05:00:00Z,2806050,Halo: Campaign Evolved,5055
2026-08-05T06:00:00Z,2806050,Halo: Campaign Evolved,3755
2026-08-05T07:00:00Z,2806050,Halo: Campaign Evolved,2873
2026-08-05T08:00:00Z,2806050,Halo: Campaign Evolved,2279
2026-08-05T09:00:00Z,2806050,Halo: Campaign Evolved,2158
2026-08-05T10:00:00Z,2806050,Halo: Campaign Evolved,2040
2026-08-05T11:00:00Z,2806050,Halo: Campaign Evolved,2012
2026-08-05T12:00:00Z,2806050,Halo: Campaign Evolved,2084
2026-08-05T13:00:00Z,2806050,Halo: Campaign Evolved,2279
2026-08-05T14:00:00Z,2806050,Halo: Campaign Evolved,2451
2026-08-05T15:00:00Z,2806050,Halo: Campaign Evolved,2686
2026-08-05T16:00:00Z,2806050,Halo: Campaign Evolved,2891
2026-08-05T17:00:00Z,2806050,Halo: Campaign Evolved,3237
2026-08-05T18:00:00Z,2806050,Halo: Campaign Evolved,3585
2026-08-05T19:00:00Z,2806050,Halo: Campaign Evolved,3979
2026-08-05T20:00:00Z,2806050,Halo: Campaign Evolved,4031
2026-08-05T21:00:00Z,2806050,Halo: Campaign Evolved,4066
2026-08-05T22:00:00Z,2806050,Halo: Campaign Evolved,4364
2026-08-05T23:00:00Z,2806050,Halo: Campaign Evolved,5211
2026-08-06T00:00:00Z,2806050,Halo: Campaign Evolved,6089
2026-08-06T01:00:00Z,2806050,Halo: Campaign Evolved,6707
2026-08-06T02:00:00Z,2806050,Halo: Campaign Evolved,6725
2026-08-06T03:00:00Z,2806050,Halo: Campaign Evolved,6382
2026-08-06T04:00:00Z,2806050,Halo: Campaign Evolved,5344
2026-08-06T05:00:00Z,2806050,Halo: Campaign Evolved,4190
2026-08-06T06:00:00Z,2806050,Halo: Campaign Evolved,3359
2026-08-06T07:00:00Z,2806050,Halo: Campaign Evolved,2635
2026-08-06T08:00:00Z,2806050,Halo: Campaign Evolved,2085
2026-08-06T09:00:00Z,2806050,Halo: Campaign Evolved,1874
2026-08-06T10:00:00Z,2806050,Halo: Campaign Evolved,1850
2026-08-06T11:00:00Z,2806050,Halo: Campaign Evolved,1886
2026-08-06T12:00:00Z,2806050,Halo: Campaign Evolved,1939
2026-08-06T13:00:00Z,2806050,Halo: Campaign Evolved,2127
2026-08-06T14:00:00Z,2806050,Halo: Campaign Evolved,2250
2026-08-06T15:00:00Z,2806050,Halo: Campaign Evolved,2382
2026-08-06T16:00:00Z,2806050,Halo: Campaign Evolved,2567
2026-08-06T17:00:00Z,2806050,Halo: Campaign Evolved,2809
2026-08-06T18:00:00Z,2806050,Halo: Campaign Evolved,3099
2026-08-06T19:00:00Z,2806050,Halo: Campaign Evolved,3412
2026-08-06T20:00:00Z,2806050,Halo: Campaign Evolved,3464
2026-08-06T21:00:00Z,2806050,Halo: Campaign Evolved,3503
2026-08-06T22:00:00Z,2806050,Halo: Campaign Evolved,3789
2026-08-06T23:00:00Z,2806050,Halo: Campaign Evolved,4396
2026-08-07T00:00:00Z,2806050,Halo: Campaign Evolved,5301
2026-08-07T01:00:00Z,2806050,Halo: Campaign Evolved,5764
2026-08-07T02:00:00Z,2806050,Halo: Campaign Evolved,5774
2026-08-07T03:00:00Z,2806050,Halo: Campaign Evolved,5554
2026-08-07T04:00:00Z,2806050,Halo: Campaign Evolved,4836
2026-08-07T05:00:00Z,2806050,Halo: Campaign Evolved,3986
2026-08-07T06:00:00Z,2806050,Halo: Campaign Evolved,3057
2026-08-07T07:00:00Z,2806050,Halo: Campaign Evolved,2386
2026-08-07T08:00:00Z,2806050,Halo: Campaign Evolved,1998
2026-08-07T09:00:00Z,2806050,Halo: Campaign Evolved,1754
2026-08-07T10:00:00Z,2806050,Halo: Campaign Evolved,1782
2026-08-07T11:00:00Z,2806050,Halo: Campaign Evolved,1829
2026-08-07T12:00:00Z,2806050,Halo: Campaign Evolved,1919
2026-08-07T13:00:00Z,2806050,Halo: Campaign Evolved,2139
2026-08-07T14:00:00Z,2806050,Halo: Campaign Evolved,2306
2026-08-07T15:00:00Z,2806050,Halo: Campaign Evolved,2356
2026-08-07T16:00:00Z,2806050,Halo: Campaign Evolved,2569
2026-08-07T17:00:00Z,2806050,Halo: Campaign Evolved,2751
2026-08-07T18:00:00Z,2806050,Halo: Campaign Evolved,3096
2026-08-07T19:00:00Z,2806050,Halo: Campaign Evolved,3425
2026-08-07T20:00:00Z,2806050,Halo: Campaign Evolved,3548
2026-08-07T21:00:00Z,2806050,Halo: Campaign Evolved,3688
2026-08-07T22:00:00Z,2806050,Halo: Campaign Evolved,3815
2026-08-07T23:00:00Z,2806050,Halo: Campaign Evolved,4359
2026-08-08T00:00:00Z,2806050,Halo: Campaign Evolved,5177
2026-08-08T01:00:00Z,2806050,Halo: Campaign Evolved,6026
2026-08-08T02:00:00Z,2806050,Halo: Campaign Evolved,6390
2026-08-08T03:00:00Z,2806050,Halo: Campaign Evolved,6447
2026-08-08T04:00:00Z,2806050,Halo: Campaign Evolved,5976
2026-08-08T05:00:00Z,2806050,Halo: Campaign Evolved,5019
2026-08-08T06:00:00Z,2806050,Halo: Campaign Evolved,4060
2026-08-08T07:00:00Z,2806050,Halo: Campaign Evolved,3271
2026-08-08T08:00:00Z,2806050,Halo: Campaign Evolved,2577
2026-08-08T09:00:00Z,2806050,Halo: Campaign Evolved,2267
2026-08-08T10:00:00Z,2806050,Halo: Campaign Evolved,2119
2026-08-08T11:00:00Z,2806050,Halo: Campaign Evolved,2154
2026-08-08T12:00:00Z,2806050,Halo: Campaign Evolved,2356
2026-08-08T13:00:00Z,2806050,Halo: Campaign Evolved,2610
2026-08-08T14:00:00Z,2806050,Halo: Campaign Evolved,2988
2026-08-08T15:00:00Z,2806050,Halo: Campaign Evolved,3327
2026-08-08T16:00:00Z,2806050,Halo: Campaign Evolved,3506
2026-08-08T17:00:00Z,2806050,Halo: Campaign Evolved,3802
2026-08-08T18:00:00Z,2806050,Halo: Campaign Evolved,4165
2026-08-08T19:00:00Z,2806050,Halo: Campaign Evolved,4556
2026-08-08T20:00:00Z,2806050,Halo: Campaign Evolved,4809
2026-08-08T21:00:00Z,2806050,Halo: Campaign Evolved,4840
2026-08-08T22:00:00Z,2806050,Halo: Campaign Evolved,4805
2026-08-08T23:00:00Z,2806050,Halo: Campaign Evolved,4882
2026-08-09T00:00:00Z,2806050,Halo: Campaign Evolved,5325
2026-08-09T01:00:00Z,2806050,Halo: Campaign Evolved,5834
2026-08-09T02:00:00Z,2806050,Halo: Campaign Evolved,6237
2026-08-09T03:00:00Z,2806050,Halo: Campaign Evolved,6241
2026-08-09T04:00:00Z,2806050,Halo: Campaign Evolved,5886
2026-08-09T05:00:00Z,2806050,Halo: Campaign Evolved,5134
2026-08-09T06:00:00Z,2806050,Halo: Campaign Evolved,4080
2026-08-09T07:00:00Z,2806050,Halo: Campaign Evolved,3308
2026-08-09T08:00:00Z,2806050,Halo: Campaign Evolved,2679
2026-08-09T09:00:00Z,2806050,Halo: Campaign Evolved,2268
2026-08-09T10:00:00Z,2806050,Halo: Campaign Evolved,2109
2026-08-09T11:00:00Z,2806050,Halo: Campaign Evolved,2120
2026-08-09T12:00:00Z,2806050,Halo: Campaign Evolved,2283
2026-08-09T13:00:00Z,2806050,Halo: Campaign Evolved,2585
2026-08-09T14:00:00Z,2806050,Halo: Campaign Evolved,2798
2026-08-09T15:00:00Z,2806050,Halo: Campaign Evolved,3125
2026-08-09T16:00:00Z,2806050,Halo: Campaign Evolved,3409
2026-08-09T17:00:00Z,2806050,Halo: Campaign Evolved,3852
2026-08-09T18:00:00Z,2806050,Halo: Campaign Evolved,4465
2026-08-09T19:00:00Z,2806050,Halo: Campaign Evolved,4666
2026-08-09T20:00:00Z,2806050,Halo: Campaign Evolved,4747
2026-08-09T21:00:00Z,2806050,Halo: Campaign Evolved,4826
2026-08-09T22:00:00Z,2806050,Halo: Campaign Evolved,4809
2026-08-09T23:00:00Z,2806050,Halo: Campaign Evolved,4782
2026-08-10T00:00:00Z,2806050,Halo: Campaign Evolved,4984
2026-08-10T01:00:00Z,2806050,Halo: Campaign Evolved,5007
2026-08-10T02:00:00Z,2806050,Halo: Campaign Evolved,4897
2026-08-10T03:00:00Z,2806050,Halo: Campaign Evolved,4542
2026-08-10T04:00:00Z,2806050,Halo: Campaign Evolved,3922
2026-08-10T05:00:00Z,2806050,Halo: Campaign Evolved,3216
2026-08-10T06:00:00Z,2806050,Halo: Campaign Evolved,2445
2026-08-10T07:00:00Z,2806050,Halo: Campaign Evolved,1861
2026-08-10T08:00:00Z,2806050,Halo: Campaign Evolved,1450
2026-08-10T09:00:00Z,2806050,Halo: Campaign Evolved,1328
2026-08-10T10:00:00Z,2806050,Halo: Campaign Evolved,1310
2026-08-10T11:00:00Z,2806050,Halo: Campaign Evolved,1298
2026-08-10T12:00:00Z,2806050,Halo: Campaign Evolved,1383
2026-08-10T13:00:00Z,2806050,Halo: Campaign Evolved,1468
2026-08-10T14:00:00Z,2806050,Halo: Campaign Evolved,1577
2026-08-10T15:00:00Z,2806050,Halo: Campaign Evolved,1678
2026-08-10T16:00:00Z,2806050,Halo: Campaign Evolved,1837
2026-08-10T17:00:00Z,2806050,Halo: Campaign Evolved,2031
2026-08-10T18:00:00Z,2806050,Halo: Campaign Evolved,2340
2026-08-10T19:00:00Z,2806050,Halo: Campaign Evolved,2521
2026-08-10T20:00:00Z,2806050,Halo: Campaign Evolved,2571
2026-08-10T21:00:00Z,2806050,Halo: Campaign Evolved,2562
2026-08-10T22:00:00Z,2806050,Halo: Campaign Evolved,2743
2026-08-10T23:00:00Z,2806050,Halo: Campaign Evolved,3176
2026-08-11T00:00:00Z,2806050,Halo: Campaign Evolved,3862
2026-08-11T01:00:00Z,2806050,Halo: Campaign Evolved,4242
2026-08-11T02:00:00Z,2806050,Halo: Campaign Evolved,4248
2026-08-11T03:00:00Z,2806050,Halo: Campaign Evolved,3985
2026-08-11T04:00:00Z,2806050,Halo: Campaign Evolved,3425
2026-08-11T05:00:00Z,2806050,Halo: Campaign Evolved,2781
2026-08-11T06:00:00Z,2806050,Halo: Campaign Evolved,2140
2026-08-11T07:00:00Z,2806050,Halo: Campaign Evolved,1626
2026-08-11T08:00:00Z,2806050,Halo: Campaign Evolved,1303
2026-08-11T09:00:00Z,2806050,Halo: Campaign Evolved,1174
2026-08-11T10:00:00Z,2806050,Halo: Campaign Evolved,1126
2026-08-11T11:00:00Z,2806050,Halo: Campaign Evolved,1163
2026-08-11T12:00:00Z,2806050,Halo: Campaign Evolved,1267
2026-08-11T13:00:00Z,2806050,Halo: Campaign Evolved,1358
2026-08-11T14:00:00Z,2806050,Halo: Campaign Evolved,1417
2026-08-11T15:00:00Z,2806050,Halo: Campaign Evolved,1520
2026-08-11T16:00:00Z,2806050,Halo: Campaign Evolved,1657
2026-08-11T17:00:00Z,2806050,Halo: Campaign Evolved,1789
2026-08-11T18:00:00Z,2806050,Halo: Campaign Evolved,2022
2026-08-11T19:00:00Z,2806050,Halo: Campaign Evolved,2195
2026-08-11T20:00:00Z,2806050,Halo: Campaign Evolved,2205
2026-08-11T21:00:00Z,2806050,Halo: Campaign Evolved,2327
2026-08-11T22:00:00Z,2806050,Halo: Campaign Evolved,2343
2026-08-11T23:00:00Z,2806050,Halo: Campaign Evolved,2811
2026-08-12T00:00:00Z,2806050,Halo: Campaign Evolved,3299
2026-08-12T01:00:00Z,2806050,Halo: Campaign Evolved,3648
2026-08-12T02:00:00Z,2806050,Halo: Campaign Evolved,3650
2026-08-12T03:00:00Z,2806050,Halo: Campaign Evolved,3359
2026-08-12T04:00:00Z,2806050,Halo: Campaign Evolved,2939
2026-08-12T05:00:00Z,2806050,Halo: Campaign Evolved,2373
2026-08-12T06:00:00Z,2806050,Halo: Campaign Evolved,1786
2026-08-12T07:00:00Z,2806050,Halo: Campaign Evolved,1357
2026-08-12T08:00:00Z,2806050,Halo: Campaign Evolved,1119
2026-08-12T09:00:00Z,2806050,Halo: Campaign Evolved,977
2026-08-12T10:00:00Z,2806050,Halo: Campaign Evolved,948
2026-08-12T11:00:00Z,2806050,Halo: Campaign Evolved,976
2026-08-12T12:00:00Z,2806050,Halo: Campaign Evolved,1083
2026-08-12T13:00:00Z,2806050,Halo: Campaign Evolved,1095
2026-08-12T14:00:00Z,2806050,Halo: Campaign Evolved,1164
2026-08-12T15:00:00Z,2806050,Halo: Campaign Evolved,1254
2026-08-12T16:00:00Z,2806050,Halo: Campaign Evolved,1335
2026-08-12T17:00:00Z,2806050,Halo: Campaign Evolved,1391
2026-08-12T18:00:00Z,2806050,Halo: Campaign Evolved,1625
2026-08-12T19:00:00Z,2806050,Halo: Campaign Evolved,1825
2026-08-12T20:00:00Z,2806050,Halo: Campaign Evolved,1892
2026-08-12T21:00:00Z,2806050,Halo: Campaign Evolved,1980
2026-08-12T22:00:00Z,2806050,Halo: Campaign Evolved,2030
2026-08-12T23:00:00Z,2806050,Halo: Campaign Evolved,2406
2026-08-13T00:00:00Z,2806050,Halo: Campaign Evolved,2812
2026-08-13T01:00:00Z,2806050,Halo: Campaign Evolved,3160
2026-08-13T02:00:00Z,2806050,Halo: Campaign Evolved,3173
2026-08-13T03:00:00Z,2806050,Halo: Campaign Evolved,3085
2026-08-13T04:00:00Z,2806050,Halo: Campaign Evolved,2643
2026-08-13T05:00:00Z,2806050,Halo: Campaign Evolved,2151
2026-08-13T06:00:00Z,2806050,Halo: Campaign Evolved,1582
2026-08-13T07:00:00Z,2806050,Halo: Campaign Evolved,1239
2026-08-13T08:00:00Z,2806050,Halo: Campaign Evolved,1078
2026-08-13T09:00:00Z,2806050,Halo: Campaign Evolved,902
2026-08-13T10:00:00Z,2806050,Halo: Campaign Evolved,875
2026-08-13T11:00:00Z,2806050,Halo: Campaign Evolved,866
2026-08-13T12:00:00Z,2806050,Halo: Campaign Evolved,941
2026-08-13T13:00:00Z,2806050,Halo: Campaign Evolved,1039
2026-08-13T14:00:00Z,2806050,Halo: Campaign Evolved,1085
2026-08-13T15:00:00Z,2806050,Halo: Campaign Evolved,1180
2026-08-13T16:00:00Z,2806050,Halo: Campaign Evolved,1215
2026-08-13T17:00:00Z,2806050,Halo: Campaign Evolved,1392
2026-08-13T18:00:00Z,2806050,Halo: Campaign Evolved,1479
2026-08-13T19:00:00Z,2806050,Halo: Campaign Evolved,1661
2026-08-13T20:00:00Z,2806050,Halo: Campaign Evolved,1728
2026-08-13T21:00:00Z,2806050,Halo: Campaign Evolved,1737
2026-08-13T22:00:00Z,2806050,Halo: Campaign Evolved,1809
2026-08-13T23:00:00Z,2806050,Halo: Campaign Evolved,2151
2026-08-14T00:00:00Z,2806050,Halo: Campaign Evolved,2607
2026-08-14T01:00:00Z,2806050,Halo: Campaign Evolved,2872
2026-08-14T02:00:00Z,2806050,Halo: Campaign Evolved,2873
2026-08-14T03:00:00Z,2806050,Halo: Campaign Evolved,2754
2026-08-14T04:00:00Z,2806050,Halo: Campaign Evolved,2450
2026-08-14T05:00:00Z,2806050,Halo: Campaign Evolved,2054
2026-08-14T06:00:00Z,2806050,Halo: Campaign Evolved,1528
2026-08-14T07:00:00Z,2806050,Halo: Campaign Evolved,1200
2026-08-14T08:00:00Z,2806050,Halo: Campaign Evolved,1007
2026-08-14T09:00:00Z,2806050,Halo: Campaign Evolved,900
2026-08-14T10:00:00Z,2806050,Halo: Campaign Evolved,878
2026-08-14T11:00:00Z,2806050,Halo: Campaign Evolved,891
2026-08-14T12:00:00Z,2806050,Halo: Campaign Evolved,983
2026-08-14T13:00:00Z,2806050,Halo: Campaign Evolved,1088
2026-08-14T14:00:00Z,2806050,Halo: Campaign Evolved,1175
2026-08-14T15:00:00Z,2806050,Halo: Campaign Evolved,1213
2026-08-14T16:00:00Z,2806050,Halo: Campaign Evolved,1318
2026-08-14T17:00:00Z,2806050,Halo: Campaign Evolved,1414
2026-08-14T18:00:00Z,2806050,Halo: Campaign Evolved,1604
2026-08-14T19:00:00Z,2806050,Halo: Campaign Evolved,1746
2026-08-14T20:00:00Z,2806050,Halo: Campaign Evolved,1824
2026-08-14T21:00:00Z,2806050,Halo: Campaign Evolved,1875
2026-08-14T22:00:00Z,2806050,Halo: Campaign Evolved,1956
2026-08-14T23:00:00Z,2806050,Halo: Campaign Evolved,2235
2026-08-15T00:00:00Z,2806050,Halo: Campaign Evolved,2648
2026-08-15T01:00:00Z,2806050,Halo: Campaign Evolved,3151
2026-08-15T02:00:00Z,2806050,Halo: Campaign Evolved,3334
2026-08-15T03:00:00Z,2806050,Halo: Campaign Evolved,3292
2026-08-15T04:00:00Z,2806050,Halo: Campaign Evolved,3112
2026-08-15T05:00:00Z,2806050,Halo: Campaign Evolved,2729
2026-08-15T06:00:00Z,2806050,Halo: Campaign Evolved,2206
2026-08-15T07:00:00Z,2806050,Halo: Campaign Evolved,1741
2026-08-15T08:00:00Z,2806050,Halo: Campaign Evolved,1391
2026-08-15T09:00:00Z,2806050,Halo: Campaign Evolved,1216
2026-08-15T10:00:00Z,2806050,Halo: Campaign Evolved,1142
2026-08-15T11:00:00Z,2806050,Halo: Campaign Evolved,1172
2026-08-15T12:00:00Z,2806050,Halo: Campaign Evolved,1292
2026-08-15T13:00:00Z,2806050,Halo: Campaign Evolved,1463
2026-08-15T14:00:00Z,2806050,Halo: Campaign Evolved,1581
2026-08-15T15:00:00Z,2806050,Halo: Campaign Evolved,1718
2026-08-15T16:00:00Z,2806050,Halo: Campaign Evolved,1912
2026-08-15T17:00:00Z,2806050,Halo: Campaign Evolved,2017
2026-08-15T18:00:00Z,2806050,Halo: Campaign Evolved,2323
2026-08-15T19:00:00Z,2806050,Halo: Campaign Evolved,2490
2026-08-15T20:00:00Z,2806050,Halo: Campaign Evolved,2633
2026-08-15T21:00:00Z,2806050,Halo: Campaign Evolved,2603
2026-08-15T22:00:00Z,2806050,Halo: Campaign Evolved,2588
2026-08-15T23:00:00Z,2806050,Halo: Campaign Evolved,2695
2026-08-16T00:00:00Z,2806050,Halo: Campaign Evolved,2922
2026-08-16T01:00:00Z,2806050,Halo: Campaign Evolved,3163
2026-08-16T02:00:00Z,2806050,Halo: Campaign Evolved,3359
2026-08-16T03:00:00Z,2806050,Halo: Campaign Evolved,3344
2026-08-16T04:00:00Z,2806050,Halo: Campaign Evolved,3142
2026-08-16T05:00:00Z,2806050,Halo: Campaign Evolved,2798
2026-08-16T06:00:00Z,2806050,Halo: Campaign Evolved,2272
2026-08-16T07:00:00Z,2806050,Halo: Campaign Evolved,1705
2026-08-16T08:00:00Z,2806050,Halo: Campaign Evolved,1375
2026-08-16T09:00:00Z,2806050,Halo: Campaign Evolved,1245
2026-08-16T10:00:00Z,2806050,Halo: Campaign Evolved,1159
2026-08-16T11:00:00Z,2806050,Halo: Campaign Evolved,1158
2026-08-16T12:00:00Z,2806050,Halo: Campaign Evolved,1258
2026-08-16T13:00:00Z,2806050,Halo: Campaign Evolved,1391
2026-08-16T14:00:00Z,2806050,Halo: Campaign Evolved,1561
2026-08-16T15:00:00Z,2806050,Halo: Campaign Evolved,1740
2026-08-16T16:00:00Z,2806050,Halo: Campaign Evolved,1982
2026-08-16T17:00:00Z,2806050,Halo: Campaign Evolved,2222
2026-08-16T18:00:00Z,2806050,Halo: Campaign Evolved,2485
2026-08-16T19:00:00Z,2806050,Halo: Campaign Evolved,2721
2026-08-16T20:00:00Z,2806050,Halo: Campaign Evolved,2764
2026-08-16T21:00:00Z,2806050,Halo: Campaign Evolved,2739
2026-08-16T22:00:00Z,2806050,Halo: Campaign Evolved,2770
2026-08-16T23:00:00Z,2806050,Halo: Campaign Evolved,2815
2026-08-17T00:00:00Z,2806050,Halo: Campaign Evolved,2939
2026-08-17T01:00:00Z,2806050,Halo: Campaign Evolved,2987
2026-08-17T02:00:00Z,2806050,Halo: Campaign Evolved,2972
2026-08-17T03:00:00Z,2806050,Halo: Campaign Evolved,2711
2026-08-17T04:00:00Z,2806050,Halo: Campaign Evolved,2300
2026-08-17T05:00:00Z,2806050,Halo: Campaign Evolved,1840
2026-08-17T06:00:00Z,2806050,Halo: Campaign Evolved,1417
2026-08-17T07:00:00Z,2806050,Halo: Campaign Evolved,1055
2026-08-17T08:00:00Z,2806050,Halo: Campaign Evolved,865
2026-08-17T09:00:00Z,2806050,Halo: Campaign Evolved,788
2026-08-17T10:00:00Z,2806050,Halo: Campaign Evolved,739
2026-08-17T11:00:00Z,2806050,Halo: Campaign Evolved,741
2026-08-17T12:00:00Z,2806050,Halo: Campaign Evolved,791
2026-08-17T13:00:00Z,2806050,Halo: Campaign Evolved,847
2026-08-17T14:00:00Z,2806050,Halo: Campaign Evolved,903
2026-08-17T15:00:00Z,2806050,Halo: Campaign Evolved,971
2026-08-17T16:00:00Z,2806050,Halo: Campaign Evolved,1047
2026-08-17T17:00:00Z,2806050,Halo: Campaign Evolved,1049
2026-08-17T18:00:00Z,2806050,Halo: Campaign Evolved,1284
2026-08-17T19:00:00Z,2806050,Halo: Campaign Evolved,1591
2026-08-17T20:00:00Z,2806050,Halo: Campaign Evolved,1671
2026-08-17T21:00:00Z,2806050,Halo: Campaign Evolved,1674
2026-08-17T22:00:00Z,2806050,Halo: Campaign Evolved,1797
2026-08-17T23:00:00Z,2806050,Halo: Campaign Evolved,2051
2026-08-18T00:00:00Z,2806050,Halo: Campaign Evolved,2383
2026-08-18T01:00:00Z,2806050,Halo: Campaign Evolved,2564
2026-08-18T02:00:00Z,2806050,Halo: Campaign Evolved,2538
2026-08-18T03:00:00Z,2806050,Halo: Campaign Evolved,2355
2026-08-18T04:00:00Z,2806050,Halo: Campaign Evolved,2023
2026-08-18T05:00:00Z,2806050,Halo: Campaign Evolved,1660
2026-08-18T06:00:00Z,2806050,Halo: Campaign Evolved,1277
2026-08-18T07:00:00Z,2806050,Halo: Campaign Evolved,1067
2026-08-18T08:00:00Z,2806050,Halo: Campaign Evolved,850
2026-08-18T09:00:00Z,2806050,Halo: Campaign Evolved,753
2026-08-18T10:00:00Z,2806050,Halo: Campaign Evolved,741
2026-08-18T11:00:00Z,2806050,Halo: Campaign Evolved,792
2026-08-18T12:00:00Z,2806050,Halo: Campaign Evolved,794
2026-08-18T13:00:00Z,2806050,Halo: Campaign Evolved,851
2026-08-18T14:00:00Z,2806050,Halo: Campaign Evolved,898
2026-08-18T15:00:00Z,2806050,Halo: Campaign Evolved,994
2026-08-18T16:00:00Z,2806050,Halo: Campaign Evolved,1087
2026-08-18T17:00:00Z,2806050,Halo: Campaign Evolved,1188
2026-08-18T18:00:00Z,2806050,Halo: Campaign Evolved,1383
2026-08-18T19:00:00Z,2806050,Halo: Campaign Evolved,1497
2026-08-18T20:00:00Z,2806050,Halo: Campaign Evolved,1492
2026-08-18T21:00:00Z,2806050,Halo: Campaign Evolved,1500
2026-08-18T22:00:00Z,2806050,Halo: Campaign Evolved,1582
2026-08-18T23:00:00Z,2806050,Halo: Campaign Evolved,1732
2026-08-19T00:00:00Z,2806050,Halo: Campaign Evolved,2046
2026-08-19T01:00:00Z,2806050,Halo: Campaign Evolved,2332
2026-08-19T02:00:00Z,2806050,Halo: Campaign Evolved,2347
2026-08-19T03:00:00Z,2806050,Halo: Campaign Evolved,2234
2026-08-19T04:00:00Z,2806050,Halo: Campaign Evolved,1965
2026-08-19T05:00:00Z,2806050,Halo: Campaign Evolved,1564
2026-08-19T06:00:00Z,2806050,Halo: Campaign Evolved,1222
2026-08-19T07:00:00Z,2806050,Halo: Campaign Evolved,915
2026-08-19T08:00:00Z,2806050,Halo: Campaign Evolved,762
2026-08-19T09:00:00Z,2806050,Halo: Campaign Evolved,715
2026-08-19T10:00:00Z,2806050,Halo: Campaign Evolved,702
2026-08-19T11:00:00Z,2806050,Halo: Campaign Evolved,713
2026-08-19T12:00:00Z,2806050,Halo: Campaign Evolved,704
2026-08-19T13:00:00Z,2806050,Halo: Campaign Evolved,767
2026-08-19T14:00:00Z,2806050,Halo: Campaign Evolved,824
2026-08-19T15:00:00Z,2806050,Halo: Campaign Evolved,928
2026-08-19T16:00:00Z,2806050,Halo: Campaign Evolved,1008
2026-08-19T17:00:00Z,2806050,Halo: Campaign Evolved,1122
2026-08-19T18:00:00Z,2806050,Halo: Campaign Evolved,1198
2026-08-19T19:00:00Z,2806050,Halo: Campaign Evolved,1310
2026-08-19T20:00:00Z,2806050,Halo: Campaign Evolved,1417
2026-08-19T21:00:00Z,2806050,Halo: Campaign Evolved,1393
2026-08-19T22:00:00Z,2806050,Halo: Campaign Evolved,1393
2026-08-19T23:00:00Z,2806050,Halo: Campaign Evolved,1554
2026-08-20T00:00:00Z,2806050,Halo: Campaign Evolved,1902
2026-08-20T01:00:00Z,2806050,Halo: Campaign Evolved,2115
2026-08-20T02:00:00Z,2806050,Halo: Campaign Evolved,2159
2026-08-20T03:00:00Z,2806050,Halo: Campaign Evolved,2072
2026-08-20T04:00:00Z,2806050,Halo: Campaign Evolved,1769
2026-08-20T05:00:00Z,2806050,Halo: Campaign Evolved,1455
2026-08-20T06:00:00Z,2806050,Halo: Campaign Evolved,1162
2026-08-20T07:00:00Z,2806050,Halo: Campaign Evolved,903
2026-08-20T08:00:00Z,2806050,Halo: Campaign Evolved,725
2026-08-20T09:00:00Z,2806050,Halo: Campaign Evolved,672
2026-08-20T10:00:00Z,2806050,Halo: Campaign Evolved,659
2026-08-20T11:00:00Z,2806050,Halo: Campaign Evolved,660
2026-08-20T12:00:00Z,2806050,Halo: Campaign Evolved,698
2026-08-20T13:00:00Z,2806050,Halo: Campaign Evolved,751
2026-08-20T14:00:00Z,2806050,Halo: Campaign Evolved,797
2026-08-20T15:00:00Z,2806050,Halo: Campaign Evolved,817
2026-08-20T16:00:00Z,2806050,Halo: Campaign Evolved,881
2026-08-20T17:00:00Z,2806050,Halo: Campaign Evolved,971
2026-08-20T18:00:00Z,2806050,Halo: Campaign Evolved,1051
2026-08-20T19:00:00Z,2806050,Halo: Campaign Evolved,1120
2026-08-20T20:00:00Z,2806050,Halo: Campaign Evolved,1174
2026-08-20T21:00:00Z,2806050,Halo: Campaign Evolved,1261
2026-08-20T22:00:00Z,2806050,Halo: Campaign Evolved,1266
2026-08-20T23:00:00Z,2806050,Halo: Campaign Evolved,1514
2026-08-21T00:00:00Z,2806050,Halo: Campaign Evolved,1811
2026-08-21T01:00:00Z,2806050,Halo: Campaign Evolved,2014
2026-08-21T02:00:00Z,2806050,Halo: Campaign Evolved,2010
2026-08-21T03:00:00Z,2806050,Halo: Campaign Evolved,1979
2026-08-21T04:00:00Z,2806050,Halo: Campaign Evolved,1755
2026-08-21T05:00:00Z,2806050,Halo: Campaign Evolved,1344
2026-08-21T06:00:00Z,2806050,Halo: Campaign Evolved,1050
2026-08-21T07:00:00Z,2806050,Halo: Campaign Evolved,811
2026-08-21T08:00:00Z,2806050,Halo: Campaign Evolved,693
2026-08-21T09:00:00Z,2806050,Halo: Campaign Evolved,654
2026-08-21T10:00:00Z,2806050,Halo: Campaign Evolved,640
2026-08-21T11:00:00Z,2806050,Halo: Campaign Evolved,675
2026-08-21T12:00:00Z,2806050,Halo: Campaign Evolved,710
2026-08-21T13:00:00Z,2806050,Halo: Campaign Evolved,754
2026-08-21T14:00:00Z,2806050,Halo: Campaign Evolved,829
2026-08-21T15:00:00Z,2806050,Halo: Campaign Evolved,877
2026-08-21T16:00:00Z,2806050,Halo: Campaign Evolved,916
2026-08-21T17:00:00Z,2806050,Halo: Campaign Evolved,969
2026-08-21T18:00:00Z,2806050,Halo: Campaign Evolved,1090
2026-08-21T19:00:00Z,2806050,Halo: Campaign Evolved,1208
2026-08-21T20:00:00Z,2806050,Halo: Campaign Evolved,1306
2026-08-21T21:00:00Z,2806050,Halo: Campaign Evolved,1349
2026-08-21T22:00:00Z,2806050,Halo: Campaign Evolved,1395
2026-08-21T23:00:00Z,2806050,Halo: Campaign Evolved,1546
2026-08-22T00:00:00Z,2806050,Halo: Campaign Evolved,1855
2026-08-22T01:00:00Z,2806050,Halo: Campaign Evolved,2139
2026-08-22T02:00:00Z,2806050,Halo: Campaign Evolved,2321
2026-08-22T03:00:00Z,2806050,Halo: Campaign Evolved,2347
2026-08-22T04:00:00Z,2806050,Halo: Campaign Evolved,2296
2026-08-22T05:00:00Z,2806050,Halo: Campaign Evolved,1928
2026-08-22T06:00:00Z,2806050,Halo: Campaign Evolved,1531
2026-08-22T07:00:00Z,2806050,Halo: Campaign Evolved,1212
2026-08-22T08:00:00Z,2806050,Halo: Campaign Evolved,949
2026-08-22T09:00:00Z,2806050,Halo: Campaign Evolved,864
2026-08-22T10:00:00Z,2806050,Halo: Campaign Evolved,762
2026-08-22T11:00:00Z,2806050,Halo: Campaign Evolved,768
2026-08-22T12:00:00Z,2806050,Halo: Campaign Evolved,838
2026-08-22T13:00:00Z,2806050,Halo: Campaign Evolved,936
2026-08-22T14:00:00Z,2806050,Halo: Campaign Evolved,1136
2026-08-22T15:00:00Z,2806050,Halo: Campaign Evolved,1180
2026-08-22T16:00:00Z,2806050,Halo: Campaign Evolved,1267
2026-08-22T17:00:00Z,2806050,Halo: Campaign Evolved,1456
2026-08-22T18:00:00Z,2806050,Halo: Campaign Evolved,1624
2026-08-22T19:00:00Z,2806050,Halo: Campaign Evolved,1865
2026-08-22T20:00:00Z,2806050,Halo: Campaign Evolved,1872
2026-08-22T21:00:00Z,2806050,Halo: Campaign Evolved,1882
2026-08-22T22:00:00Z,2806050,Halo: Campaign Evolved,1892
2026-08-22T23:00:00Z,2806050,Halo: Campaign Evolved,1938
2026-08-23T00:00:00Z,2806050,Halo: Campaign Evolved,2082
2026-08-23T01:00:00Z,2806050,Halo: Campaign Evolved,2206
2026-08-23T02:00:00Z,2806050,Halo: Campaign Evolved,2335
2026-08-23T03:00:00Z,2806050,Halo: Campaign Evolved,2379
2026-08-23T04:00:00Z,2806050,Halo: Campaign Evolved,2249
2026-08-23T05:00:00Z,2806050,Halo: Campaign Evolved,2003
2026-08-23T06:00:00Z,2806050,Halo: Campaign Evolved,1595
2026-08-23T07:00:00Z,2806050,Halo: Campaign Evolved,1200
2026-08-23T08:00:00Z,2806050,Halo: Campaign Evolved,967
2026-08-23T09:00:00Z,2806050,Halo: Campaign Evolved,861
2026-08-23T10:00:00Z,2806050,Halo: Campaign Evolved,785
2026-08-23T11:00:00Z,2806050,Halo: Campaign Evolved,751
2026-08-23T12:00:00Z,2806050,Halo: Campaign Evolved,848
2026-08-23T13:00:00Z,2806050,Halo: Campaign Evolved,994
2026-08-23T14:00:00Z,2806050,Halo: Campaign Evolved,1117
2026-08-23T15:00:00Z,2806050,Halo: Campaign Evolved,1193
2026-08-23T16:00:00Z,2806050,Halo: Campaign Evolved,1366
2026-08-23T17:00:00Z,2806050,Halo: Campaign Evolved,1563
2026-08-23T18:00:00Z,2806050,Halo: Campaign Evolved,1683
2026-08-23T19:00:00Z,2806050,Halo: Campaign Evolved,1849
2026-08-23T20:00:00Z,2806050,Halo: Campaign Evolved,1902
2026-08-23T21:00:00Z,2806050,Halo: Campaign Evolved,1871
2026-08-23T22:00:00Z,2806050,Halo: Campaign Evolved,1865
2026-08-23T23:00:00Z,2806050,Halo: Campaign Evolved,1865
2026-08-24T00:00:00Z,2806050,Halo: Campaign Evolved,2018
2026-08-24T01:00:00Z,2806050,Halo: Campaign Evolved,1995
2026-08-24T02:00:00Z,2806050,Halo: Campaign Evolved,1933
2026-08-24T03:00:00Z,2806050,Halo: Campaign Evolved,1790
2026-08-24T04:00:00Z,2806050,Halo: Campaign Evolved,1533
2026-08-24T05:00:00Z,2806050,Halo: Campaign Evolved,1112
2026-08-24T06:00:00Z,2806050,Halo: Campaign Evolved,882
2026-08-24T07:00:00Z,2806050,Halo: Campaign Evolved,667
2026-08-24T08:00:00Z,2806050,Halo: Campaign Evolved,549
2026-08-24T09:00:00Z,2806050,Halo: Campaign Evolved,475
2026-08-24T10:00:00Z,2806050,Halo: Campaign Evolved,483
2026-08-24T11:00:00Z,2806050,Halo: Campaign Evolved,470
2026-08-24T12:00:00Z,2806050,Halo: Campaign Evolved,506
2026-08-24T13:00:00Z,2806050,Halo: Campaign Evolved,549
2026-08-24T14:00:00Z,2806050,Halo: Campaign Evolved,559
2026-08-24T15:00:00Z,2806050,Halo: Campaign Evolved,610
2026-08-24T16:00:00Z,2806050,Halo: Campaign Evolved,648
2026-08-24T17:00:00Z,2806050,Halo: Campaign Evolved,737
2026-08-24T18:00:00Z,2806050,Halo: Campaign Evolved,848
2026-08-24T19:00:00Z,2806050,Halo: Campaign Evolved,968
2026-08-24T20:00:00Z,2806050,Halo: Campaign Evolved,963
2026-08-24T21:00:00Z,2806050,Halo: Campaign Evolved,982
2026-08-24T22:00:00Z,2806050,Halo: Campaign Evolved,999
2026-08-24T23:00:00Z,2806050,Halo: Campaign Evolved,1156
2026-08-25T00:00:00Z,2806050,Halo: Campaign Evolved,1339
2026-08-25T01:00:00Z,2806050,Halo: Campaign Evolved,1552
2026-08-25T02:00:00Z,2806050,Halo: Campaign Evolved,1557
2026-08-25T03:00:00Z,2806050,Halo: Campaign Evolved,1484
2026-08-25T04:00:00Z,2806050,Halo: Campaign Evolved,1341
2026-08-25T05:00:00Z,2806050,Halo: Campaign Evolved,1063
2026-08-25T06:00:00Z,2806050,Halo: Campaign Evolved,808
2026-08-25T07:00:00Z,2806050,Halo: Campaign Evolved,579
2026-08-25T08:00:00Z,2806050,Halo: Campaign Evolved,474
2026-08-25T09:00:00Z,2806050,Halo: Campaign Evolved,454
2026-08-25T10:00:00Z,2806050,Halo: Campaign Evolved,454
2026-08-25T11:00:00Z,2806050,Halo: Campaign Evolved,475
2026-08-25T12:00:00Z,2806050,Halo: Campaign Evolved,489
2026-08-25T13:00:00Z,2806050,Halo: Campaign Evolved,522
2026-08-25T14:00:00Z,2806050,Halo: Campaign Evolved,540
2026-08-25T15:00:00Z,2806050,Halo: Campaign Evolved,570
2026-08-25T16:00:00Z,2806050,Halo: Campaign Evolved,594
2026-08-25T17:00:00Z,2806050,Halo: Campaign Evolved,670
2026-08-25T18:00:00Z,2806050,Halo: Campaign Evolved,782
2026-08-25T19:00:00Z,2806050,Halo: Campaign Evolved,847
2026-08-25T20:00:00Z,2806050,Halo: Campaign Evolved,897
2026-08-25T21:00:00Z,2806050,Halo: Campaign Evolved,913
2026-08-25T22:00:00Z,2806050,Halo: Campaign Evolved,949
2026-08-25T23:00:00Z,2806050,Halo: Campaign Evolved,1120
2026-08-26T00:00:00Z,2806050,Halo: Campaign Evolved,1308
2026-08-26T01:00:00Z,2806050,Halo: Campaign Evolved,1526
2026-08-26T02:00:00Z,2806050,Halo: Campaign Evolved,1535
2026-08-26T03:00:00Z,2806050,Halo: Campaign Evolved,1502
2026-08-26T04:00:00Z,2806050,Halo: Campaign Evolved,1230
2026-08-26T05:00:00Z,2806050,Halo: Campaign Evolved,940
2026-08-26T06:00:00Z,2806050,Halo: Campaign Evolved,702
2026-08-26T07:00:00Z,2806050,Halo: Campaign Evolved,540
2026-08-26T08:00:00Z,2806050,Halo: Campaign Evolved,452
2026-08-26T09:00:00Z,2806050,Halo: Campaign Evolved,428
2026-08-26T10:00:00Z,2806050,Halo: Campaign Evolved,413
2026-08-26T11:00:00Z,2806050,Halo: Campaign Evolved,444
2026-08-26T12:00:00Z,2806050,Halo: Campaign Evolved,471
2026-08-26T13:00:00Z,2806050,Halo: Campaign Evolved,500
2026-08-26T14:00:00Z,2806050,Halo: Campaign Evolved,512
2026-08-26T15:00:00Z,2806050,Halo: Campaign Evolved,518
2026-08-26T15:10:00Z,2806050,Halo: Campaign Evolved,527
2026-08-26T15:20:00Z,2806050,Halo: Campaign Evolved,542
2026-08-26T15:30:00Z,2806050,Halo: Campaign Evolved,542
2026-08-26T15:40:00Z,2806050,Halo: Campaign Evolved,555
2026-08-26T15:50:00Z,2806050,Halo: Campaign Evolved,559
2026-08-26T16:00:00Z,2806050,Halo: Campaign Evolved,560
2026-08-26T16:10:00Z,2806050,Halo: Campaign Evolved,541
2026-08-26T16:20:00Z,2806050,Halo: Campaign Evolved,541
2026-08-26T16:30:00Z,2806050,Halo: Campaign Evolved,555
2026-08-26T16:40:00Z,2806050,Halo: Campaign Evolved,566
2026-08-26T16:50:00Z,2806050,Halo: Campaign Evolved,563
2026-08-26T17:00:00Z,2806050,Halo: Campaign Evolved,576
2026-08-26T17:10:00Z,2806050,Halo: Campaign Evolved,586
2026-08-26T17:20:00Z,2806050,Halo: Campaign Evolved,615
2026-08-26T17:30:00Z,2806050,Halo: Campaign Evolved,621
2026-08-26T17:40:00Z,2806050,Halo: Campaign Evolved,627
2026-08-26T17:50:00Z,2806050,Halo: Campaign Evolved,663
2026-08-26T18:00:00Z,2806050,Halo: Campaign Evolved,698
2026-08-26T18:10:00Z,2806050,Halo: Campaign Evolved,709
2026-08-26T18:20:00Z,2806050,Halo: Campaign Evolved,732
2026-08-26T18:30:00Z,2806050,Halo: Campaign Evolved,735
2026-08-26T18:40:00Z,2806050,Halo: Campaign Evolved,733
2026-08-26T18:50:00Z,2806050,Halo: Campaign Evolved,730
2026-08-26T19:00:00Z,2806050,Halo: Campaign Evolved,757
2026-08-26T19:10:00Z,2806050,Halo: Campaign Evolved,772
2026-08-26T19:20:00Z,2806050,Halo: Campaign Evolved,793
2026-08-26T19:30:00Z,2806050,Halo: Campaign Evolved,810
2026-08-26T19:40:00Z,2806050,Halo: Campaign Evolved,845
2026-08-26T19:50:00Z,2806050,Halo: Campaign Evolved,856
2026-08-26T20:00:00Z,2806050,Halo: Campaign Evolved,838
2026-08-26T20:10:00Z,2806050,Halo: Campaign Evolved,857
2026-08-26T20:20:00Z,2806050,Halo: Campaign Evolved,850
2026-08-26T20:30:00Z,2806050,Halo: Campaign Evolved,852
2026-08-26T20:40:00Z,2806050,Halo: Campaign Evolved,859
2026-08-26T20:50:00Z,2806050,Halo: Campaign Evolved,862
2026-08-26T21:00:00Z,2806050,Halo: Campaign Evolved,858
2026-08-26T21:10:00Z,2806050,Halo: Campaign Evolved,867
2026-08-26T21:20:00Z,2806050,Halo: Campaign Evolved,870
2026-08-26T21:30:00Z,2806050,Halo: Campaign Evolved,852
2026-08-26T21:40:00Z,2806050,Halo: Campaign Evolved,850
2026-08-26T21:50:00Z,2806050,Halo: Campaign Evolved,857
2026-08-26T22:00:00Z,2806050,Halo: Campaign Evolved,857
2026-08-26T22:10:00Z,2806050,Halo: Campaign Evolved,831
2026-08-26T22:20:00Z,2806050,Halo: Campaign Evolved,831
2026-08-26T22:30:00Z,2806050,Halo: Campaign Evolved,822
2026-08-26T22:40:00Z,2806050,Halo: Campaign Evolved,838
2026-08-26T22:50:00Z,2806050,Halo: Campaign Evolved,842
2026-08-26T23:00:00Z,2806050,Halo: Campaign Evolved,865
2026-08-26T23:10:00Z,2806050,Halo: Campaign Evolved,895
2026-08-26T23:20:00Z,2806050,Halo: Campaign Evolved,934
2026-08-26T23:30:00Z,2806050,Halo: Campaign Evolved,959
2026-08-26T23:40:00Z,2806050,Halo: Campaign Evolved,984
2026-08-26T23:50:00Z,2806050,Halo: Campaign Evolved,1018
2026-08-27T00:00:00Z,2806050,Halo: Campaign Evolved,1047
2026-08-27T00:10:00Z,2806050,Halo: Campaign Evolved,1074
2026-08-27T00:20:00Z,2806050,Halo: Campaign Evolved,1182
2026-08-27T00:30:00Z,2806050,Halo: Campaign Evolved,1211
2026-08-27T00:40:00Z,2806050,Halo: Campaign Evolved,1237
2026-08-27T00:50:00Z,2806050,Halo: Campaign Evolved,1253
2026-08-27T01:00:00Z,2806050,Halo: Campaign Evolved,1254
2026-08-27T01:10:00Z,2806050,Halo: Campaign Evolved,1295
2026-08-27T01:20:00Z,2806050,Halo: Campaign Evolved,1299
2026-08-27T01:30:00Z,2806050,Halo: Campaign Evolved,1326
2026-08-27T01:40:00Z,2806050,Halo: Campaign Evolved,1387
2026-08-27T01:50:00Z,2806050,Halo: Campaign Evolved,1391
2026-08-27T02:00:00Z,2806050,Halo: Campaign Evolved,1395
2026-08-27T02:10:00Z,2806050,Halo: Campaign Evolved,1403
2026-08-27T02:20:00Z,2806050,Halo: Campaign Evolved,1402
2026-08-27T02:30:00Z,2806050,Halo: Campaign Evolved,1390
2026-08-27T02:40:00Z,2806050,Halo: Campaign Evolved,1355
2026-08-27T02:50:00Z,2806050,Halo: Campaign Evolved,1346
2026-08-27T03:00:00Z,2806050,Halo: Campaign Evolved,1292
2026-08-27T03:10:00Z,2806050,Halo: Campaign Evolved,1256
2026-08-27T03:20:00Z,2806050,Halo: Campaign Evolved,1234
2026-08-27T03:30:00Z,2806050,Halo: Campaign Evolved,1237
2026-08-27T03:40:00Z,2806050,Halo: Campaign Evolved,1228
2026-08-27T03:50:00Z,2806050,Halo: Campaign Evolved,1220
2026-08-27T04:00:00Z,2806050,Halo: Campaign Evolved,1158
2026-08-27T04:10:00Z,2806050,Halo: Campaign Evolved,1120
2026-08-27T04:20:00Z,2806050,Halo: Campaign Evolved,1065
2026-08-27T04:30:00Z,2806050,Halo: Campaign Evolved,1016
2026-08-27T04:40:00Z,2806050,Halo: Campaign Evolved,962
2026-08-27T04:50:00Z,2806050,Halo: Campaign Evolved,937
2026-08-27T05:00:00Z,2806050,Halo: Campaign Evolved,880
2026-08-27T05:10:00Z,2806050,Halo: Campaign Evolved,852
2026-08-27T05:20:00Z,2806050,Halo: Campaign Evolved,824
2026-08-27T05:30:00Z,2806050,Halo: Campaign Evolved,775
2026-08-27T05:40:00Z,2806050,Halo: Campaign Evolved,746
2026-08-27T05:50:00Z,2806050,Halo: Campaign Evolved,696
2026-08-27T06:00:00Z,2806050,Halo: Campaign Evolved,651
2026-08-27T06:10:00Z,2806050,Halo: Campaign Evolved,646
2026-08-27T06:20:00Z,2806050,Halo: Campaign Evolved,624
2026-08-27T06:30:00Z,2806050,Halo: Campaign Evolved,600
2026-08-27T06:40:00Z,2806050,Halo: Campaign Evolved,579
2026-08-27T06:50:00Z,2806050,Halo: Campaign Evolved,569
2026-08-27T07:00:00Z,2806050,Halo: Campaign Evolved,550
2026-08-27T07:10:00Z,2806050,Halo: Campaign Evolved,535
2026-08-27T07:20:00Z,2806050,Halo: Campaign Evolved,529
2026-08-27T07:30:00Z,2806050,Halo: Campaign Evolved,492
2026-08-27T07:40:00Z,2806050,Halo: Campaign Evolved,456
2026-08-27T07:50:00Z,2806050,Halo: Campaign Evolved,423
2026-08-27T08:00:00Z,2806050,Halo: Campaign Evolved,430
2026-08-27T08:10:00Z,2806050,Halo: Campaign Evolved,424
2026-08-27T08:20:00Z,2806050,Halo: Campaign Evolved,410
2026-08-27T08:30:00Z,2806050,Halo: Campaign Evolved,405
2026-08-27T08:40:00Z,2806050,Halo: Campaign Evolved,400
2026-08-27T08:50:00Z,2806050,Halo: Campaign Evolved,401
2026-08-27T09:00:00Z,2806050,Halo: Campaign Evolved,386
2026-08-27T09:30:00Z,2806050,Halo: Campaign Evolved,354
2026-08-27T09:40:00Z,2806050,Halo: Campaign Evolved,361
2026-08-27T09:50:00Z,2806050,Halo: Campaign Evolved,360
2026-08-27T10:00:00Z,2806050,Halo: Campaign Evolved,367
2026-08-27T10:10:00Z,2806050,Halo: Campaign Evolved,382
2026-08-27T10:20:00Z,2806050,Halo: Campaign Evolved,392
2026-08-27T10:30:00Z,2806050,Halo: Campaign Evolved,384
2026-08-27T10:40:00Z,2806050,Halo: Campaign Evolved,372
2026-08-27T10:50:00Z,2806050,Halo: Campaign Evolved,385
2026-08-27T11:00:00Z,2806050,Halo: Campaign Evolved,401
2026-08-27T11:10:00Z,2806050,Halo: Campaign Evolved,409
2026-08-27T11:20:00Z,2806050,Halo: Campaign Evolved,409
2026-08-27T11:30:00Z,2806050,Halo: Campaign Evolved,415
2026-08-27T11:40:00Z,2806050,Halo: Campaign Evolved,410
2026-08-27T11:50:00Z,2806050,Halo: Campaign Evolved,417
2026-08-27T12:00:00Z,2806050,Halo: Campaign Evolved,426
2026-08-27T12:10:00Z,2806050,Halo: Campaign Evolved,407
2026-08-27T12:20:00Z,2806050,Halo: Campaign Evolved,420
2026-08-27T12:30:00Z,2806050,Halo: Campaign Evolved,431
2026-08-27T12:40:00Z,2806050,Halo: Campaign Evolved,433
2026-08-27T12:50:00Z,2806050,Halo: Campaign Evolved,424
2026-08-27T13:00:00Z,2806050,Halo: Campaign Evolved,430
2026-08-27T13:10:00Z,2806050,Halo: Campaign Evolved,425
2026-08-27T13:20:00Z,2806050,Halo: Campaign Evolved,443
2026-08-27T13:30:00Z,2806050,Halo: Campaign Evolved,448
2026-08-27T13:40:00Z,2806050,Halo: Campaign Evolved,463
2026-08-27T13:50:00Z,2806050,Halo: Campaign Evolved,458
2026-08-27T14:00:00Z,2806050,Halo: Campaign Evolved,467
2026-08-27T14:10:00Z,2806050,Halo: Campaign Evolved,474
2026-08-27T14:20:00Z,2806050,Halo: Campaign Evolved,471
2026-08-27T14:30:00Z,2806050,Halo: Campaign Evolved,473
2026-08-27T14:40:00Z,2806050,Halo: Campaign Evolved,510
2026-08-27T14:50:00Z,2806050,Halo: Campaign Evolved,520
2026-08-27T15:00:00Z,2806050,Halo: Campaign Evolved,516
2026-08-27T15:10:00Z,2806050,Halo: Campaign Evolved,514
2026-08-27T15:20:00Z,2806050,Halo: Campaign Evolved,520
2026-08-27T15:30:00Z,2806050,Halo: Campaign Evolved,525
2026-08-27T15:40:00Z,2806050,Halo: Campaign Evolved,526
2026-08-27T15:50:00Z,2806050,Halo: Campaign Evolved,527
2026-08-27T16:00:00Z,2806050,Halo: Campaign Evolved,523
2026-08-27T16:10:00Z,2806050,Halo: Campaign Evolved,503
2026-08-27T16:20:00Z,2806050,Halo: Campaign Evolved,504
2026-08-27T16:30:00Z,2806050,Halo: Campaign Evolved,526
2026-08-27T16:40:00Z,2806050,Halo: Campaign Evolved,535
2026-08-27T16:50:00Z,2806050,Halo: Campaign Evolved,544
2026-08-27T17:00:00Z,2806050,Halo: Campaign Evolved,559
2026-08-27T17:10:00Z,2806050,Halo: Campaign Evolved,544
2026-08-27T17:20:00Z,2806050,Halo: Campaign Evolved,539
2026-08-27T17:30:00Z,2806050,Halo: Campaign Evolved,568
2026-08-27T17:40:00Z,2806050,Halo: Campaign Evolved,580
2026-08-27T17:50:00Z,2806050,Halo: Campaign Evolved,587
2026-08-27T18:00:00Z,2806050,Halo: Campaign Evolved,602
2026-08-27T18:10:00Z,2806050,Halo: Campaign Evolved,603
2026-08-27T18:20:00Z,2806050,Halo: Campaign Evolved,615
2026-08-27T18:30:00Z,2806050,Halo: Campaign Evolved,631
2026-08-27T18:40:00Z,2806050,Halo: Campaign Evolved,615
2026-08-27T18:50:00Z,2806050,Halo: Campaign Evolved,605
2026-08-27T19:00:00Z,2806050,Halo: Campaign Evolved,619
2026-08-27T19:10:00Z,2806050,Halo: Campaign Evolved,641
2026-08-27T19:20:00Z,2806050,Halo: Campaign Evolved,675
2026-08-27T19:30:00Z,2806050,Halo: Campaign Evolved,673
2026-08-27T19:40:00Z,2806050,Halo: Campaign Evolved,690
2026-08-27T19:50:00Z,2806050,Halo: Campaign Evolved,695
2026-08-27T20:00:00Z,2806050,Halo: Campaign Evolved,714
2026-08-27T20:10:00Z,2806050,Halo: Campaign Evolved,725
2026-08-27T20:20:00Z,2806050,Halo: Campaign Evolved,733
2026-08-27T20:30:00Z,2806050,Halo: Campaign Evolved,734
2026-08-27T20:40:00Z,2806050,Halo: Campaign Evolved,765
2026-08-27T20:50:00Z,2806050,Halo: Campaign Evolved,780
2026-08-27T21:00:00Z,2806050,Halo: Campaign Evolved,768
2026-08-27T21:10:00Z,2806050,Halo: Campaign Evolved,795
2026-08-27T21:20:00Z,2806050,Halo: Campaign Evolved,803
2026-08-27T21:30:00Z,2806050,Halo: Campaign Evolved,784
2026-08-27T21:40:00Z,2806050,Halo: Campaign Evolved,767
2026-08-27T21:50:00Z,2806050,Halo: Campaign Evolved,782
2026-08-27T22:00:00Z,2806050,Halo: Campaign Evolved,767
2026-08-27T22:10:00Z,2806050,Halo: Campaign Evolved,749
2026-08-27T22:20:00Z,2806050,Halo: Campaign Evolved,749
2026-08-27T22:30:00Z,2806050,Halo: Campaign Evolved,766
2026-08-27T22:40:00Z,2806050,Halo: Campaign Evolved,776
2026-08-27T22:50:00Z,2806050,Halo: Campaign Evolved,801
2026-08-27T23:00:00Z,2806050,Halo: Campaign Evolved,842
2026-08-27T23:10:00Z,2806050,Halo: Campaign Evolved,862
2026-08-27T23:20:00Z,2806050,Halo: Campaign Evolved,889
2026-08-27T23:30:00Z,2806050,Halo: Campaign Evolved,910
2026-08-27T23:40:00Z,2806050,Halo: Campaign Evolved,928
2026-08-27T23:50:00Z,2806050,Halo: Campaign Evolved,965
2026-08-28T00:00:00Z,2806050,Halo: Campaign Evolved,993
2026-08-28T00:10:00Z,2806050,Halo: Campaign Evolved,1032
2026-08-28T00:20:00Z,2806050,Halo: Campaign Evolved,1070
2026-08-28T00:30:00Z,2806050,Halo: Campaign Evolved,1137
2026-08-28T00:40:00Z,2806050,Halo: Campaign Evolved,1150
2026-08-28T00:50:00Z,2806050,Halo: Campaign Evolved,1200
2026-08-28T01:00:00Z,2806050,Halo: Campaign Evolved,1223
2026-08-28T01:10:00Z,2806050,Halo: Campaign Evolved,1208
2026-08-28T01:20:00Z,2806050,Halo: Campaign Evolved,1226
2026-08-28T01:30:00Z,2806050,Halo: Campaign Evolved,1234
2026-08-28T01:40:00Z,2806050,Halo: Campaign Evolved,1243
2026-08-28T01:50:00Z,2806050,Halo: Campaign Evolved,1252
2026-08-28T02:00:00Z,2806050,Halo: Campaign Evolved,1261
2026-08-28T02:10:00Z,2806050,Halo: Campaign Evolved,1248
2026-08-28T02:20:00Z,2806050,Halo: Campaign Evolved,1250
2026-08-28T02:30:00Z,2806050,Halo: Campaign Evolved,1236
2026-08-28T02:40:00Z,2806050,Halo: Campaign Evolved,1210
2026-08-28T02:50:00Z,2806050,Halo: Campaign Evolved,1213
2026-08-28T03:00:00Z,2806050,Halo: Campaign Evolved,1216
2026-08-28T03:10:00Z,2806050,Halo: Campaign Evolved,1217
2026-08-28T03:20:00Z,2806050,Halo: Campaign Evolved,1200
2026-08-28T03:30:00Z,2806050,Halo: Campaign Evolved,1203
2026-08-28T03:40:00Z,2806050,Halo: Campaign Evolved,1179
2026-08-28T03:50:00Z,2806050,Halo: Campaign Evolved,1177
2026-08-28T04:00:00Z,2806050,Halo: Campaign Evolved,1135
2026-08-28T04:10:00Z,2806050,Halo: Campaign Evolved,1098
2026-08-28T04:20:00Z,2806050,Halo: Campaign Evolved,1078
2026-08-28T04:30:00Z,2806050,Halo: Campaign Evolved,1048
2026-08-28T04:40:00Z,2806050,Halo: Campaign Evolved,1014
2026-08-28T04:50:00Z,2806050,Halo: Campaign Evolved,986
2026-08-28T05:00:00Z,2806050,Halo: Campaign Evolved,941
2026-08-28T05:10:00Z,2806050,Halo: Campaign Evolved,877
2026-08-28T05:20:00Z,2806050,Halo: Campaign Evolved,834
2026-08-28T05:30:00Z,2806050,Halo: Campaign Evolved,791
2026-08-28T05:40:00Z,2806050,Halo: Campaign Evolved,761
2026-08-28T05:50:00Z,2806050,Halo: Campaign Evolved,740
2026-08-28T06:00:00Z,2806050,Halo: Campaign Evolved,709
2026-08-28T06:10:00Z,2806050,Halo: Campaign Evolved,657
2026-08-28T06:20:00Z,2806050,Halo: Campaign Evolved,631
2026-08-28T06:30:00Z,2806050,Halo: Campaign Evolved,586
2026-08-28T06:40:00Z,2806050,Halo: Campaign Evolved,551
2026-08-28T06:50:00Z,2806050,Halo: Campaign Evolved,547
2026-08-28T07:00:00Z,2806050,Halo: Campaign Evolved,529
2026-08-28T07:10:00Z,2806050,Halo: Campaign Evolved,495
2026-08-28T07:20:00Z,2806050,Halo: Campaign Evolved,488
2026-08-28T07:30:00Z,2806050,Halo: Campaign Evolved,460
2026-08-28T07:40:00Z,2806050,Halo: Campaign Evolved,458
2026-08-28T07:50:00Z,2806050,Halo: Campaign Evolved,436
2026-08-28T08:00:00Z,2806050,Halo: Campaign Evolved,421
2026-08-28T08:10:00Z,2806050,Halo: Campaign Evolved,414
2026-08-28T08:20:00Z,2806050,Halo: Campaign Evolved,412
2026-08-28T08:30:00Z,2806050,Halo: Campaign Evolved,398
2026-08-28T08:40:00Z,2806050,Halo: Campaign Evolved,391
2026-08-28T08:50:00Z,2806050,Halo: Campaign Evolved,394
2026-08-28T09:00:00Z,2806050,Halo: Campaign Evolved,391
2026-08-28T09:10:00Z,2806050,Halo: Campaign Evolved,387
2026-08-28T09:20:00Z,2806050,Halo: Campaign Evolved,369
2026-08-28T09:30:00Z,2806050,Halo: Campaign Evolved,377
2026-08-28T09:40:00Z,2806050,Halo: Campaign Evolved,361
2026-08-28T09:50:00Z,2806050,Halo: Campaign Evolved,365
2026-08-28T10:00:00Z,2806050,Halo: Campaign Evolved,372
2026-08-28T10:10:00Z,2806050,Halo: Campaign Evolved,390
2026-08-28T10:20:00Z,2806050,Halo: Campaign Evolved,395
2026-08-28T10:30:00Z,2806050,Halo: Campaign Evolved,403
2026-08-28T10:40:00Z,2806050,Halo: Campaign Evolved,413
2026-08-28T10:50:00Z,2806050,Halo: Campaign Evolved,409
2026-08-28T11:00:00Z,2806050,Halo: Campaign Evolved,414
2026-08-28T11:10:00Z,2806050,Halo: Campaign Evolved,414
2026-08-28T11:20:00Z,2806050,Halo: Campaign Evolved,416
2026-08-28T11:30:00Z,2806050,Halo: Campaign Evolved,412
2026-08-28T11:40:00Z,2806050,Halo: Campaign Evolved,407
2026-08-28T11:50:00Z,2806050,Halo: Campaign Evolved,397
2026-08-28T12:00:00Z,2806050,Halo: Campaign Evolved,395
2026-08-28T12:10:00Z,2806050,Halo: Campaign Evolved,411
2026-08-28T12:20:00Z,2806050,Halo: Campaign Evolved,408
2026-08-28T12:30:00Z,2806050,Halo: Campaign Evolved,418
2026-08-28T12:40:00Z,2806050,Halo: Campaign Evolved,415
2026-08-28T12:50:00Z,2806050,Halo: Campaign Evolved,415
2026-08-28T13:00:00Z,2806050,Halo: Campaign Evolved,444
2026-08-28T13:10:00Z,2806050,Halo: Campaign Evolved,446
2026-08-28T13:20:00Z,2806050,Halo: Campaign Evolved,441
2026-08-28T13:30:00Z,2806050,Halo: Campaign Evolved,455
2026-08-28T13:40:00Z,2806050,Halo: Campaign Evolved,449
2026-08-28T13:50:00Z,2806050,Halo: Campaign Evolved,444
2026-08-28T14:00:00Z,2806050,Halo: Campaign Evolved,459
2026-08-28T14:10:00Z,2806050,Halo: Campaign Evolved,464
2026-08-28T14:20:00Z,2806050,Halo: Campaign Evolved,477
2026-08-28T14:30:00Z,2806050,Halo: Campaign Evolved,480
2026-08-28T14:40:00Z,2806050,Halo: Campaign Evolved,489
2026-08-28T14:50:00Z,2806050,Halo: Campaign Evolved,521
2026-08-28T15:00:00Z,2806050,Halo: Campaign Evolved,522
2026-08-28T15:10:00Z,2806050,Halo: Campaign Evolved,514
2026-08-28T15:20:00Z,2806050,Halo: Campaign Evolved,547
2026-08-28T15:30:00Z,2806050,Halo: Campaign Evolved,564
2026-08-28T15:40:00Z,2806050,Halo: Campaign Evolved,566
2026-08-28T15:50:00Z,2806050,Halo: Campaign Evolved,575
2026-08-28T16:00:00Z,2806050,Halo: Campaign Evolved,549
2026-08-28T16:10:00Z,2806050,Halo: Campaign Evolved,578
2026-08-28T16:20:00Z,2806050,Halo: Campaign Evolved,592
2026-08-28T16:30:00Z,2806050,Halo: Campaign Evolved,613
2026-08-28T16:40:00Z,2806050,Halo: Campaign Evolved,605
2026-08-28T16:50:00Z,2806050,Halo: Campaign Evolved,619
2026-08-28T17:00:00Z,2806050,Halo: Campaign Evolved,595
2026-08-28T17:10:00Z,2806050,Halo: Campaign Evolved,627
2026-08-28T17:20:00Z,2806050,Halo: Campaign Evolved,634
2026-08-28T17:30:00Z,2806050,Halo: Campaign Evolved,635
2026-08-28T17:40:00Z,2806050,Halo: Campaign Evolved,637
2026-08-28T17:50:00Z,2806050,Halo: Campaign Evolved,654
2026-08-28T18:00:00Z,2806050,Halo: Campaign Evolved,665
2026-08-28T18:10:00Z,2806050,Halo: Campaign Evolved,675
2026-08-28T18:20:00Z,2806050,Halo: Campaign Evolved,679
2026-08-28T18:30:00Z,2806050,Halo: Campaign Evolved,672
2026-08-28T18:40:00Z,2806050,Halo: Campaign Evolved,697
2026-08-28T18:50:00Z,2806050,Halo: Campaign Evolved,701
2026-08-28T19:00:00Z,2806050,Halo: Campaign Evolved,728
2026-08-28T19:10:00Z,2806050,Halo: Campaign Evolved,755
2026-08-28T19:20:00Z,2806050,Halo: Campaign Evolved,787
2026-08-28T19:30:00Z,2806050,Halo: Campaign Evolved,797
2026-08-28T19:40:00Z,2806050,Halo: Campaign Evolved,799
2026-08-28T19:50:00Z,2806050,Halo: Campaign Evolved,810
2026-08-28T20:00:00Z,2806050,Halo: Campaign Evolved,817
2026-08-28T20:10:00Z,2806050,Halo: Campaign Evolved,836
2026-08-28T20:20:00Z,2806050,Halo: Campaign Evolved,860
2026-08-28T20:30:00Z,2806050,Halo: Campaign Evolved,862
2026-08-28T20:40:00Z,2806050,Halo: Campaign Evolved,870
2026-08-28T20:50:00Z,2806050,Halo: Campaign Evolved,889
2026-08-28T21:00:00Z,2806050,Halo: Campaign Evolved,880
2026-08-28T21:10:00Z,2806050,Halo: Campaign Evolved,887
2026-08-28T21:20:00Z,2806050,Halo: Campaign Evolved,899
2026-08-28T21:30:00Z,2806050,Halo: Campaign Evolved,916
2026-08-28T21:40:00Z,2806050,Halo: Campaign Evolved,929
2026-08-28T21:50:00Z,2806050,Halo: Campaign Evolved,910
2026-08-28T22:00:00Z,2806050,Halo: Campaign Evolved,919
2026-08-28T22:10:00Z,2806050,Halo: Campaign Evolved,929
2026-08-28T22:20:00Z,2806050,Halo: Campaign Evolved,932
2026-08-28T22:30:00Z,2806050,Halo: Campaign Evolved,929
2026-08-28T22:40:00Z,2806050,Halo: Campaign Evolved,910
2026-08-28T22:50:00Z,2806050,Halo: Campaign Evolved,925
2026-08-28T23:00:00Z,2806050,Halo: Campaign Evolved,927
2026-08-28T23:10:00Z,2806050,Halo: Campaign Evolved,932
2026-08-28T23:20:00Z,2806050,Halo: Campaign Evolved,948
2026-08-28T23:30:00Z,2806050,Halo: Campaign Evolved,954
2026-08-28T23:40:00Z,2806050,Halo: Campaign Evolved,947
2026-08-28T23:50:00Z,2806050,Halo: Campaign Evolved,986
2026-08-29T00:00:00Z,2806050,Halo: Campaign Evolved,1010
2026-08-29T00:10:00Z,2806050,Halo: Campaign Evolved,1037
2026-08-29T00:20:00Z,2806050,Halo: Campaign Evolved,1072
2026-08-29T00:30:00Z,2806050,Halo: Campaign Evolved,1116
2026-08-29T00:40:00Z,2806050,Halo: Campaign Evolved,1139
2026-08-29T00:50:00Z,2806050,Halo: Campaign Evolved,1181
2026-08-29T01:00:00Z,2806050,Halo: Campaign Evolved,1262
2026-08-29T01:10:00Z,2806050,Halo: Campaign Evolved,1296
2026-08-29T01:20:00Z,2806050,Halo: Campaign Evolved,1311
2026-08-29T01:30:00Z,2806050,Halo: Campaign Evolved,1325
2026-08-29T01:40:00Z,2806050,Halo: Campaign Evolved,1386
2026-08-29T01:50:00Z,2806050,Halo: Campaign Evolved,1420
2026-08-29T02:00:00Z,2806050,Halo: Campaign Evolved,1457
2026-08-29T02:10:00Z,2806050,Halo: Campaign Evolved,1521
2026-08-29T02:20:00Z,2806050,Halo: Campaign Evolved,1532
2026-08-29T02:30:00Z,2806050,Halo: Campaign Evolved,1549
2026-08-29T02:40:00Z,2806050,Halo: Campaign Evolved,1549
2026-08-29T02:50:00Z,2806050,Halo: Campaign Evolved,1556
2026-08-29T03:00:00Z,2806050,Halo: Campaign Evolved,1579
2026-08-29T03:10:00Z,2806050,Halo: Campaign Evolved,1564
2026-08-29T03:20:00Z,2806050,Halo: Campaign Evolved,1576
2026-08-29T03:30:00Z,2806050,Halo: Campaign Evolved,1585
2026-08-29T03:40:00Z,2806050,Halo: Campaign Evolved,1586
2026-08-29T03:50:00Z,2806050,Halo: Campaign Evolved,1549
2026-08-29T04:00:00Z,2806050,Halo: Campaign Evolved,1513
2026-08-29T04:10:00Z,2806050,Halo: Campaign Evolved,1489
2026-08-29T04:20:00Z,2806050,Halo: Campaign Evolved,1484
2026-08-29T04:30:00Z,2806050,Halo: Campaign Evolved,1434
2026-08-29T04:40:00Z,2806050,Halo: Campaign Evolved,1398
2026-08-29T04:50:00Z,2806050,Halo: Campaign Evolved,1341
2026-08-29T05:00:00Z,2806050,Halo: Campaign Evolved,1318
2026-08-29T05:10:00Z,2806050,Halo: Campaign Evolved,1250
2026-08-29T05:20:00Z,2806050,Halo: Campaign Evolved,1234
2026-08-29T05:30:00Z,2806050,Halo: Campaign Evolved,1170
2026-08-29T05:40:00Z,2806050,Halo: Campaign Evolved,1132
2026-08-29T05:50:00Z,2806050,Halo: Campaign Evolved,1103
2026-08-29T06:00:00Z,2806050,Halo: Campaign Evolved,1035
2026-08-29T06:10:00Z,2806050,Halo: Campaign Evolved,1002
2026-08-29T06:20:00Z,2806050,Halo: Campaign Evolved,950
2026-08-29T06:30:00Z,2806050,Halo: Campaign Evolved,903
2026-08-29T06:40:00Z,2806050,Halo: Campaign Evolved,861
2026-08-29T06:50:00Z,2806050,Halo: Campaign Evolved,812
2026-08-29T07:00:00Z,2806050,Halo: Campaign Evolved,753
2026-08-29T07:10:00Z,2806050,Halo: Campaign Evolved,723
2026-08-29T07:20:00Z,2806050,Halo: Campaign Evolved,701
2026-08-29T07:30:00Z,2806050,Halo: Campaign Evolved,678
2026-08-29T07:40:00Z,2806050,Halo: Campaign Evolved,655
2026-08-29T07:50:00Z,2806050,Halo: Campaign Evolved,646
2026-08-29T08:00:00Z,2806050,Halo: Campaign Evolved,625
2026-08-29T08:10:00Z,2806050,Halo: Campaign Evolved,615
2026-08-29T08:20:00Z,2806050,Halo: Campaign Evolved,587
2026-08-29T08:30:00Z,2806050,Halo: Campaign Evolved,564
2026-08-29T08:40:00Z,2806050,Halo: Campaign Evolved,560
2026-08-29T08:50:00Z,2806050,Halo: Campaign Evolved,554
2026-08-29T09:00:00Z,2806050,Halo: Campaign Evolved,553
2026-08-29T09:10:00Z,2806050,Halo: Campaign Evolved,548
2026-08-29T09:20:00Z,2806050,Halo: Campaign Evolved,538
2026-08-29T09:30:00Z,2806050,Halo: Campaign Evolved,520
2026-08-29T09:40:00Z,2806050,Halo: Campaign Evolved,518
2026-08-29T09:50:00Z,2806050,Halo: Campaign Evolved,526
2026-08-29T10:00:00Z,2806050,Halo: Campaign Evolved,517
2026-08-29T10:10:00Z,2806050,Halo: Campaign Evolved,512
2026-08-29T10:20:00Z,2806050,Halo: Campaign Evolved,504
2026-08-29T10:30:00Z,2806050,Halo: Campaign Evolved,496
2026-08-29T10:40:00Z,2806050,Halo: Campaign Evolved,497
2026-08-29T10:50:00Z,2806050,Halo: Campaign Evolved,507
2026-08-29T11:00:00Z,2806050,Halo: Campaign Evolved,520
2026-08-29T11:10:00Z,2806050,Halo: Campaign Evolved,532
2026-08-29T11:20:00Z,2806050,Halo: Campaign Evolved,553
2026-08-29T11:30:00Z,2806050,Halo: Campaign Evolved,546
2026-08-29T11:40:00Z,2806050,Halo: Campaign Evolved,538
2026-08-29T11:50:00Z,2806050,Halo: Campaign Evolved,543
2026-08-29T12:00:00Z,2806050,Halo: Campaign Evolved,543
2026-08-29T12:10:00Z,2806050,Halo: Campaign Evolved,560
2026-08-29T12:20:00Z,2806050,Halo: Campaign Evolved,573
2026-08-29T12:30:00Z,2806050,Halo: Campaign Evolved,581
2026-08-29T12:40:00Z,2806050,Halo: Campaign Evolved,597
2026-08-29T12:50:00Z,2806050,Halo: Campaign Evolved,603
2026-08-29T13:00:00Z,2806050,Halo: Campaign Evolved,600
2026-08-29T13:10:00Z,2806050,Halo: Campaign Evolved,611
2026-08-29T13:20:00Z,2806050,Halo: Campaign Evolved,634
2026-08-29T13:30:00Z,2806050,Halo: Campaign Evolved,642
2026-08-29T13:40:00Z,2806050,Halo: Campaign Evolved,658
2026-08-29T13:50:00Z,2806050,Halo: Campaign Evolved,668
2026-08-29T14:00:00Z,2806050,Halo: Campaign Evolved,683
2026-08-29T14:10:00Z,2806050,Halo: Campaign Evolved,701
2026-08-29T14:20:00Z,2806050,Halo: Campaign Evolved,711
2026-08-29T14:30:00Z,2806050,Halo: Campaign Evolved,701
2026-08-29T14:40:00Z,2806050,Halo: Campaign Evolved,697
2026-08-29T14:50:00Z,2806050,Halo: Campaign Evolved,714
2026-08-29T15:00:00Z,2806050,Halo: Campaign Evolved,726
2026-08-29T15:10:00Z,2806050,Halo: Campaign Evolved,742
2026-08-29T15:20:00Z,2806050,Halo: Campaign Evolved,761
2026-08-29T15:30:00Z,2806050,Halo: Campaign Evolved,756
2026-08-29T15:40:00Z,2806050,Halo: Campaign Evolved,758
2026-08-29T15:50:00Z,2806050,Halo: Campaign Evolved,770
2026-08-29T16:00:00Z,2806050,Halo: Campaign Evolved,776
2026-08-29T16:10:00Z,2806050,Halo: Campaign Evolved,793
2026-08-29T16:20:00Z,2806050,Halo: Campaign Evolved,802
2026-08-29T16:30:00Z,2806050,Halo: Campaign Evolved,810
2026-08-29T16:40:00Z,2806050,Halo: Campaign Evolved,808
2026-08-29T16:50:00Z,2806050,Halo: Campaign Evolved,821
2026-08-29T17:00:00Z,2806050,Halo: Campaign Evolved,802
2026-08-29T17:10:00Z,2806050,Halo: Campaign Evolved,784
2026-08-29T17:20:00Z,2806050,Halo: Campaign Evolved,796
2026-08-29T17:30:00Z,2806050,Halo: Campaign Evolved,830
2026-08-29T17:40:00Z,2806050,Halo: Campaign Evolved,857
2026-08-29T17:50:00Z,2806050,Halo: Campaign Evolved,895
2026-08-29T18:00:00Z,2806050,Halo: Campaign Evolved,903
2026-08-29T18:10:00Z,2806050,Halo: Campaign Evolved,922
2026-08-29T18:20:00Z,2806050,Halo: Campaign Evolved,947
2026-08-29T18:30:00Z,2806050,Halo: Campaign Evolved,986
2026-08-29T18:40:00Z,2806050,Halo: Campaign Evolved,1009
2026-08-29T18:50:00Z,2806050,Halo: Campaign Evolved,1021
2026-08-29T19:00:00Z,2806050,Halo: Campaign Evolved,1048
2026-08-29T19:10:00Z,2806050,Halo: Campaign Evolved,1079
2026-08-29T19:20:00Z,2806050,Halo: Campaign Evolved,1089
2026-08-29T19:30:00Z,2806050,Halo: Campaign Evolved,1110
2026-08-29T19:40:00Z,2806050,Halo: Campaign Evolved,1150
2026-08-29T19:50:00Z,2806050,Halo: Campaign Evolved,1159
2026-08-29T20:00:00Z,2806050,Halo: Campaign Evolved,1160
2026-08-29T20:10:00Z,2806050,Halo: Campaign Evolved,1212
2026-08-29T20:20:00Z,2806050,Halo: Campaign Evolved,1234
2026-08-29T20:30:00Z,2806050,Halo: Campaign Evolved,1249
2026-08-29T20:40:00Z,2806050,Halo: Campaign Evolved,1259
2026-08-29T20:50:00Z,2806050,Halo: Campaign Evolved,1251
2026-08-29T21:00:00Z,2806050,Halo: Campaign Evolved,1277
2026-08-29T21:10:00Z,2806050,Halo: Campaign Evolved,1276
2026-08-29T21:20:00Z,2806050,Halo: Campaign Evolved,1280
2026-08-29T21:30:00Z,2806050,Halo: Campaign Evolved,1263
2026-08-29T21:40:00Z,2806050,Halo: Campaign Evolved,1271
2026-08-29T21:50:00Z,2806050,Halo: Campaign Evolved,1265
2026-08-29T22:00:00Z,2806050,Halo: Campaign Evolved,1280
2026-08-29T22:10:00Z,2806050,Halo: Campaign Evolved,1256
2026-08-29T22:20:00Z,2806050,Halo: Campaign Evolved,1248
2026-08-29T22:30:00Z,2806050,Halo: Campaign Evolved,1250
2026-08-29T22:40:00Z,2806050,Halo: Campaign Evolved,1214
2026-08-29T22:50:00Z,2806050,Halo: Campaign Evolved,1205
2026-08-29T23:00:00Z,2806050,Halo: Campaign Evolved,1198
2026-08-29T23:10:00Z,2806050,Halo: Campaign Evolved,1188
2026-08-29T23:20:00Z,2806050,Halo: Campaign Evolved,1202
2026-08-29T23:30:00Z,2806050,Halo: Campaign Evolved,1248
2026-08-29T23:40:00Z,2806050,Halo: Campaign Evolved,1280
2026-08-29T23:50:00Z,2806050,Halo: Campaign Evolved,1288
2026-08-30T00:00:00Z,2806050,Halo: Campaign Evolved,1275
2026-08-30T00:10:00Z,2806050,Halo: Campaign Evolved,1272
2026-08-30T00:20:00Z,2806050,Halo: Campaign Evolved,1268
2026-08-30T00:30:00Z,2806050,Halo: Campaign Evolved,1269
2026-08-30T00:40:00Z,2806050,Halo: Campaign Evolved,1302
2026-08-30T00:50:00Z,2806050,Halo: Campaign Evolved,1316
2026-08-30T01:00:00Z,2806050,Halo: Campaign Evolved,1359
2026-08-30T01:10:00Z,2806050,Halo: Campaign Evolved,1392
2026-08-30T01:20:00Z,2806050,Halo: Campaign Evolved,1419
2026-08-30T01:30:00Z,2806050,Halo: Campaign Evolved,1455
2026-08-30T01:40:00Z,2806050,Halo: Campaign Evolved,1491
2026-08-30T01:50:00Z,2806050,Halo: Campaign Evolved,1510
2026-08-30T02:00:00Z,2806050,Halo: Campaign Evolved,1550
2026-08-30T02:10:00Z,2806050,Halo: Campaign Evolved,1562
2026-08-30T02:20:00Z,2806050,Halo: Campaign Evolved,1572
2026-08-30T02:30:00Z,2806050,Halo: Campaign Evolved,1555
2026-08-30T02:40:00Z,2806050,Halo: Campaign Evolved,1603
2026-08-30T02:50:00Z,2806050,Halo: Campaign Evolved,1606
2026-08-30T03:00:00Z,2806050,Halo: Campaign Evolved,1581
2026-08-30T03:10:00Z,2806050,Halo: Campaign Evolved,1576
2026-08-30T03:20:00Z,2806050,Halo: Campaign Evolved,1561
2026-08-30T03:30:00Z,2806050,Halo: Campaign Evolved,1582
2026-08-30T03:40:00Z,2806050,Halo: Campaign Evolved,1565
2026-08-30T03:50:00Z,2806050,Halo: Campaign Evolved,1564
2026-08-30T04:00:00Z,2806050,Halo: Campaign Evolved,1540
2026-08-30T04:10:00Z,2806050,Halo: Campaign Evolved,1552
2026-08-30T04:20:00Z,2806050,Halo: Campaign Evolved,1538
2026-08-30T04:30:00Z,2806050,Halo: Campaign Evolved,1501
2026-08-30T04:40:00Z,2806050,Halo: Campaign Evolved,1470
2026-08-30T04:50:00Z,2806050,Halo: Campaign Evolved,1457
2026-08-30T05:00:00Z,2806050,Halo: Campaign Evolved,1413
2026-08-30T05:10:00Z,2806050,Halo: Campaign Evolved,1367
2026-08-30T05:20:00Z,2806050,Halo: Campaign Evolved,1326
2026-08-30T05:30:00Z,2806050,Halo: Campaign Evolved,1258
2026-08-30T05:40:00Z,2806050,Halo: Campaign Evolved,1213
2026-08-30T05:50:00Z,2806050,Halo: Campaign Evolved,1169
2026-08-30T06:00:00Z,2806050,Halo: Campaign Evolved,1138
2026-08-30T06:10:00Z,2806050,Halo: Campaign Evolved,1082
2026-08-30T06:20:00Z,2806050,Halo: Campaign Evolved,1035
2026-08-30T06:30:00Z,2806050,Halo: Campaign Evolved,994
2026-08-30T06:40:00Z,2806050,Halo: Campaign Evolved,969
2026-08-30T06:50:00Z,2806050,Halo: Campaign Evolved,931
2026-08-30T07:00:00Z,2806050,Halo: Campaign Evolved,882
2026-08-30T07:10:00Z,2806050,Halo: Campaign Evolved,850
2026-08-30T07:20:00Z,2806050,Halo: Campaign Evolved,809
2026-08-30T07:30:00Z,2806050,Halo: Campaign Evolved,757
2026-08-30T07:40:00Z,2806050,Halo: Campaign Evolved,719
2026-08-30T07:50:00Z,2806050,Halo: Campaign Evolved,691
2026-08-30T08:00:00Z,2806050,Halo: Campaign Evolved,660
2026-08-30T08:10:00Z,2806050,Halo: Campaign Evolved,650
2026-08-30T08:20:00Z,2806050,Halo: Campaign Evolved,634
2026-08-30T08:30:00Z,2806050,Halo: Campaign Evolved,608
2026-08-30T08:40:00Z,2806050,Halo: Campaign Evolved,591
2026-08-30T08:50:00Z,2806050,Halo: Campaign Evolved,586
2026-08-30T09:00:00Z,2806050,Halo: Campaign Evolved,577
2026-08-30T09:10:00Z,2806050,Halo: Campaign Evolved,584
2026-08-30T09:20:00Z,2806050,Halo: Campaign Evolved,566
2026-08-30T09:30:00Z,2806050,Halo: Campaign Evolved,546
2026-08-30T09:40:00Z,2806050,Halo: Campaign Evolved,544
2026-08-30T09:50:00Z,2806050,Halo: Campaign Evolved,516
2026-08-30T10:00:00Z,2806050,Halo: Campaign Evolved,515
2026-08-30T10:10:00Z,2806050,Halo: Campaign Evolved,508
2026-08-30T10:20:00Z,2806050,Halo: Campaign Evolved,505
2026-08-30T10:30:00Z,2806050,Halo: Campaign Evolved,513
2026-08-30T10:40:00Z,2806050,Halo: Campaign Evolved,517
2026-08-30T10:50:00Z,2806050,Halo: Campaign Evolved,541
2026-08-30T11:00:00Z,2806050,Halo: Campaign Evolved,549
2026-08-30T11:10:00Z,2806050,Halo: Campaign Evolved,551
2026-08-30T11:20:00Z,2806050,Halo: Campaign Evolved,546
2026-08-30T11:30:00Z,2806050,Halo: Campaign Evolved,550
2026-08-30T11:40:00Z,2806050,Halo: Campaign Evolved,536
2026-08-30T11:50:00Z,2806050,Halo: Campaign Evolved,545
2026-08-30T12:00:00Z,2806050,Halo: Campaign Evolved,551
2026-08-30T12:10:00Z,2806050,Halo: Campaign Evolved,559
2026-08-30T12:20:00Z,2806050,Halo: Campaign Evolved,546
2026-08-30T12:30:00Z,2806050,Halo: Campaign Evolved,561
2026-08-30T12:40:00Z,2806050,Halo: Campaign Evolved,554
2026-08-30T12:50:00Z,2806050,Halo: Campaign Evolved,559
2026-08-30T13:00:00Z,2806050,Halo: Campaign Evolved,579
2026-08-30T13:10:00Z,2806050,Halo: Campaign Evolved,591
2026-08-30T13:20:00Z,2806050,Halo: Campaign Evolved,616
2026-08-30T13:30:00Z,2806050,Halo: Campaign Evolved,628
2026-08-30T13:40:00Z,2806050,Halo: Campaign Evolved,656
2026-08-30T13:50:00Z,2806050,Halo: Campaign Evolved,663
2026-08-30T14:00:00Z,2806050,Halo: Campaign Evolved,690
2026-08-30T14:10:00Z,2806050,Halo: Campaign Evolved,678
2026-08-30T14:20:00Z,2806050,Halo: Campaign Evolved,713
2026-08-30T14:30:00Z,2806050,Halo: Campaign Evolved,729
2026-08-30T14:40:00Z,2806050,Halo: Campaign Evolved,738
2026-08-30T14:50:00Z,2806050,Halo: Campaign Evolved,784
2026-08-30T15:00:00Z,2806050,Halo: Campaign Evolved,783
2026-08-30T15:10:00Z,2806050,Halo: Campaign Evolved,785
2026-08-30T15:20:00Z,2806050,Halo: Campaign Evolved,808
2026-08-30T15:30:00Z,2806050,Halo: Campaign Evolved,818
2026-08-30T15:40:00Z,2806050,Halo: Campaign Evolved,827
2026-08-30T15:50:00Z,2806050,Halo: Campaign Evolved,838
2026-08-30T16:00:00Z,2806050,Halo: Campaign Evolved,842
2026-08-30T16:10:00Z,2806050,Halo: Campaign Evolved,839
2026-08-30T16:20:00Z,2806050,Halo: Campaign Evolved,830
2026-08-30T16:30:00Z,2806050,Halo: Campaign Evolved,863
2026-08-30T16:40:00Z,2806050,Halo: Campaign Evolved,906
2026-08-30T16:50:00Z,2806050,Halo: Campaign Evolved,938
2026-08-30T17:00:00Z,2806050,Halo: Campaign Evolved,968
2026-08-30T17:10:00Z,2806050,Halo: Campaign Evolved,984
2026-08-30T17:20:00Z,2806050,Halo: Campaign Evolved,1012
2026-08-30T17:30:00Z,2806050,Halo: Campaign Evolved,1050
2026-08-30T17:40:00Z,2806050,Halo: Campaign Evolved,1070
2026-08-30T17:50:00Z,2806050,Halo: Campaign Evolved,1107
2026-08-30T18:00:00Z,2806050,Halo: Campaign Evolved,1138
2026-08-30T18:10:00Z,2806050,Halo: Campaign Evolved,1158
2026-08-30T18:20:00Z,2806050,Halo: Campaign Evolved,1176
2026-08-30T18:30:00Z,2806050,Halo: Campaign Evolved,1182
2026-08-30T18:40:00Z,2806050,Halo: Campaign Evolved,1193
2026-08-30T18:50:00Z,2806050,Halo: Campaign Evolved,1207
2026-08-30T19:00:00Z,2806050,Halo: Campaign Evolved,1215
2026-08-30T19:10:00Z,2806050,Halo: Campaign Evolved,1213
2026-08-30T19:20:00Z,2806050,Halo: Campaign Evolved,1240
2026-08-30T19:30:00Z,2806050,Halo: Campaign Evolved,1264
2026-08-30T19:40:00Z,2806050,Halo: Campaign Evolved,1281
2026-08-30T19:50:00Z,2806050,Halo: Campaign Evolved,1317
2026-08-30T20:00:00Z,2806050,Halo: Campaign Evolved,1334
2026-08-30T20:10:00Z,2806050,Halo: Campaign Evolved,1331
2026-08-30T20:20:00Z,2806050,Halo: Campaign Evolved,1332
2026-08-30T20:30:00Z,2806050,Halo: Campaign Evolved,1325
2026-08-30T20:40:00Z,2806050,Halo: Campaign Evolved,1320
2026-08-30T20:50:00Z,2806050,Halo: Campaign Evolved,1319
2026-08-30T21:00:00Z,2806050,Halo: Campaign Evolved,1304
2026-08-30T21:10:00Z,2806050,Halo: Campaign Evolved,1330
2026-08-30T21:20:00Z,2806050,Halo: Campaign Evolved,1355
2026-08-30T21:30:00Z,2806050,Halo: Campaign Evolved,1348
2026-08-30T21:40:00Z,2806050,Halo: Campaign Evolved,1329
2026-08-30T21:50:00Z,2806050,Halo: Campaign Evolved,1309
2026-08-30T22:00:00Z,2806050,Halo: Campaign Evolved,1297
2026-08-30T22:10:00Z,2806050,Halo: Campaign Evolved,1289
2026-08-30T22:20:00Z,2806050,Halo: Campaign Evolved,1287
2026-08-30T22:30:00Z,2806050,Halo: Campaign Evolved,1311
2026-08-30T22:40:00Z,2806050,Halo: Campaign Evolved,1328
2026-08-30T22:50:00Z,2806050,Halo: Campaign Evolved,1312
2026-08-30T23:00:00Z,2806050,Halo: Campaign Evolved,1292
2026-08-30T23:10:00Z,2806050,Halo: Campaign Evolved,1317
2026-08-30T23:20:00Z,2806050,Halo: Campaign Evolved,1332
2026-08-30T23:30:00Z,2806050,Halo: Campaign Evolved,1347
2026-08-30T23:40:00Z,2806050,Halo: Campaign Evolved,1318
2026-08-30T23:50:00Z,2806050,Halo: Campaign Evolved,1331
2026-08-31T00:00:00Z,2806050,Halo: Campaign Evolved,1333
2026-08-31T00:10:00Z,2806050,Halo: Campaign Evolved,1348
2026-08-31T00:20:00Z,2806050,Halo: Campaign Evolved,1352
2026-08-31T00:30:00Z,2806050,Halo: Campaign Evolved,1327
2026-08-31T00:40:00Z,2806050,Halo: Campaign Evolved,1355
2026-08-31T00:50:00Z,2806050,Halo: Campaign Evolved,1365
2026-08-31T01:00:00Z,2806050,Halo: Campaign Evolved,1361
2026-08-31T01:10:00Z,2806050,Halo: Campaign Evolved,1376
2026-08-31T01:20:00Z,2806050,Halo: Campaign Evolved,1378
2026-08-31T01:30:00Z,2806050,Halo: Campaign Evolved,1368
2026-08-31T01:40:00Z,2806050,Halo: Campaign Evolved,1348
2026-08-31T01:50:00Z,2806050,Halo: Campaign Evolved,1371
2026-08-31T02:00:00Z,2806050,Halo: Campaign Evolved,1357
2026-08-31T02:10:00Z,2806050,Halo: Campaign Evolved,1337
2026-08-31T02:20:00Z,2806050,Halo: Campaign Evolved,1325
2026-08-31T02:30:00Z,2806050,Halo: Campaign Evolved,1306
2026-08-31T02:40:00Z,2806050,Halo: Campaign Evolved,1307
2026-08-31T02:50:00Z,2806050,Halo: Campaign Evolved,1270
2026-08-31T03:00:00Z,2806050,Halo: Campaign Evolved,1258
2026-08-31T03:10:00Z,2806050,Halo: Campaign Evolved,1208
2026-08-31T03:20:00Z,2806050,Halo: Campaign Evolved,1159
2026-08-31T03:30:00Z,2806050,Halo: Campaign Evolved,1124
2026-08-31T03:40:00Z,2806050,Halo: Campaign Evolved,1096
2026-08-31T03:50:00Z,2806050,Halo: Campaign Evolved,1087
2026-08-31T04:00:00Z,2806050,Halo: Campaign Evolved,1057
2026-08-31T04:10:00Z,2806050,Halo: Campaign Evolved,1034
2026-08-31T04:20:00Z,2806050,Halo: Campaign Evolved,992
2026-08-31T04:30:00Z,2806050,Halo: Campaign Evolved,943
2026-08-31T04:40:00Z,2806050,Halo: Campaign Evolved,884
2026-08-31T04:50:00Z,2806050,Halo: Campaign Evolved,858
2026-08-31T05:00:00Z,2806050,Halo: Campaign Evolved,822
2026-08-31T05:10:00Z,2806050,Halo: Campaign Evolved,769
2026-08-31T05:20:00Z,2806050,Halo: Campaign Evolved,748
2026-08-31T05:30:00Z,2806050,Halo: Campaign Evolved,704
2026-08-31T05:40:00Z,2806050,Halo: Campaign Evolved,660
2026-08-31T05:50:00Z,2806050,Halo: Campaign Evolved,644
2026-08-31T06:00:00Z,2806050,Halo: Campaign Evolved,619
2026-08-31T06:10:00Z,2806050,Halo: Campaign Evolved,588
2026-08-31T06:20:00Z,2806050,Halo: Campaign Evolved,588
2026-08-31T06:30:00Z,2806050,Halo: Campaign Evolved,578
2026-08-31T06:40:00Z,2806050,Halo: Campaign Evolved,528
2026-08-31T06:50:00Z,2806050,Halo: Campaign Evolved,501
2026-08-31T07:00:00Z,2806050,Halo: Campaign Evolved,479
2026-08-31T07:10:00Z,2806050,Halo: Campaign Evolved,459
2026-08-31T07:20:00Z,2806050,Halo: Campaign Evolved,431
2026-08-31T07:30:00Z,2806050,Halo: Campaign Evolved,401
2026-08-31T07:40:00Z,2806050,Halo: Campaign Evolved,392
2026-08-31T07:50:00Z,2806050,Halo: Campaign Evolved,375
2026-08-31T08:00:00Z,2806050,Halo: Campaign Evolved,360
2026-08-31T08:10:00Z,2806050,Halo: Campaign Evolved,343
2026-08-31T08:20:00Z,2806050,Halo: Campaign Evolved,349
2026-08-31T08:30:00Z,2806050,Halo: Campaign Evolved,355
2026-08-31T08:40:00Z,2806050,Halo: Campaign Evolved,350
2026-08-31T08:50:00Z,2806050,Halo: Campaign Evolved,355
2026-08-31T09:00:00Z,2806050,Halo: Campaign Evolved,353
2026-08-31T09:10:00Z,2806050,Halo: Campaign Evolved,346
2026-08-31T09:20:00Z,2806050,Halo: Campaign Evolved,349
2026-08-31T09:30:00Z,2806050,Halo: Campaign Evolved,366
2026-08-31T09:40:00Z,2806050,Halo: Campaign Evolved,353
2026-08-31T09:50:00Z,2806050,Halo: Campaign Evolved,347
2026-08-31T10:00:00Z,2806050,Halo: Campaign Evolved,347
2026-08-31T10:10:00Z,2806050,Halo: Campaign Evolved,345
2026-08-31T10:20:00Z,2806050,Halo: Campaign Evolved,335
2026-08-31T10:30:00Z,2806050,Halo: Campaign Evolved,345
2026-08-31T10:40:00Z,2806050,Halo: Campaign Evolved,346
2026-08-31T10:50:00Z,2806050,Halo: Campaign Evolved,338
2026-08-31T11:00:00Z,2806050,Halo: Campaign Evolved,339
2026-08-31T11:10:00Z,2806050,Halo: Campaign Evolved,329
2026-08-31T11:20:00Z,2806050,Halo: Campaign Evolved,338
2026-08-31T11:30:00Z,2806050,Halo: Campaign Evolved,343
2026-08-31T11:40:00Z,2806050,Halo: Campaign Evolved,350
2026-08-31T11:50:00Z,2806050,Halo: Campaign Evolved,366
2026-08-31T12:00:00Z,2806050,Halo: Campaign Evolved,366
2026-08-31T12:10:00Z,2806050,Halo: Campaign Evolved,354
2026-08-31T12:20:00Z,2806050,Halo: Campaign Evolved,362
2026-08-31T12:30:00Z,2806050,Halo: Campaign Evolved,374
2026-08-31T12:40:00Z,2806050,Halo: Campaign Evolved,376
2026-08-31T12:50:00Z,2806050,Halo: Campaign Evolved,390
2026-08-31T13:00:00Z,2806050,Halo: Campaign Evolved,406
2026-08-31T13:10:00Z,2806050,Halo: Campaign Evolved,410
2026-08-31T13:20:00Z,2806050,Halo: Campaign Evolved,414
2026-08-31T13:30:00Z,2806050,Halo: Campaign Evolved,400
2026-08-31T13:40:00Z,2806050,Halo: Campaign Evolved,415
2026-08-31T13:50:00Z,2806050,Halo: Campaign Evolved,413
2026-08-31T14:00:00Z,2806050,Halo: Campaign Evolved,420
2026-08-31T14:10:00Z,2806050,Halo: Campaign Evolved,434
2026-08-31T14:20:00Z,2806050,Halo: Campaign Evolved,436
2026-08-31T14:30:00Z,2806050,Halo: Campaign Evolved,435
2026-08-31T14:40:00Z,2806050,Halo: Campaign Evolved,438
2026-08-31T14:50:00Z,2806050,Halo: Campaign Evolved,450
2026-08-31T15:00:00Z,2806050,Halo: Campaign Evolved,466
2026-08-31T15:10:00Z,2806050,Halo: Campaign Evolved,450
2026-08-31T15:20:00Z,2806050,Halo: Campaign Evolved,456
2026-08-31T15:30:00Z,2806050,Halo: Campaign Evolved,449
2026-08-31T15:40:00Z,2806050,Halo: Campaign Evolved,435
2026-08-31T15:50:00Z,2806050,Halo: Campaign Evolved,443
2026-08-31T16:00:00Z,2806050,Halo: Campaign Evolved,455
2026-08-31T16:10:00Z,2806050,Halo: Campaign Evolved,456
2026-08-31T16:20:00Z,2806050,Halo: Campaign Evolved,473
2026-08-31T16:30:00Z,2806050,Halo: Campaign Evolved,464
2026-08-31T16:40:00Z,2806050,Halo: Campaign Evolved,481
2026-08-31T16:50:00Z,2806050,Halo: Campaign Evolved,487
2026-08-31T17:00:00Z,2806050,Halo: Campaign Evolved,480
2026-08-31T17:10:00Z,2806050,Halo: Campaign Evolved,473
2026-08-31T17:20:00Z,2806050,Halo: Campaign Evolved,488
2026-08-31T17:30:00Z,2806050,Halo: Campaign Evolved,501
2026-08-31T17:40:00Z,2806050,Halo: Campaign Evolved,518
2026-08-31T17:50:00Z,2806050,Halo: Campaign Evolved,533
2026-08-31T18:00:00Z,2806050,Halo: Campaign Evolved,544
2026-08-31T18:10:00Z,2806050,Halo: Campaign Evolved,575
2026-08-31T18:20:00Z,2806050,Halo: Campaign Evolved,579
2026-08-31T18:30:00Z,2806050,Halo: Campaign Evolved,599
2026-08-31T18:40:00Z,2806050,Halo: Campaign Evolved,580
2026-08-31T18:50:00Z,2806050,Halo: Campaign Evolved,595
2026-08-31T19:00:00Z,2806050,Halo: Campaign Evolved,613
2026-08-31T19:10:00Z,2806050,Halo: Campaign Evolved,636
2026-08-31T19:20:00Z,2806050,Halo: Campaign Evolved,645
2026-08-31T19:30:00Z,2806050,Halo: Campaign Evolved,649
2026-08-31T19:40:00Z,2806050,Halo: Campaign Evolved,667
2026-08-31T19:50:00Z,2806050,Halo: Campaign Evolved,669
2026-08-31T20:00:00Z,2806050,Halo: Campaign Evolved,660
2026-08-31T20:10:00Z,2806050,Halo: Campaign Evolved,652
2026-08-31T20:20:00Z,2806050,Halo: Campaign Evolved,660
2026-08-31T20:30:00Z,2806050,Halo: Campaign Evolved,687
2026-08-31T20:40:00Z,2806050,Halo: Campaign Evolved,694
2026-08-31T20:50:00Z,2806050,Halo: Campaign Evolved,686
2026-08-31T21:00:00Z,2806050,Halo: Campaign Evolved,680
2026-08-31T21:10:00Z,2806050,Halo: Campaign Evolved,681
2026-08-31T21:20:00Z,2806050,Halo: Campaign Evolved,675
2026-08-31T21:30:00Z,2806050,Halo: Campaign Evolved,670
2026-08-31T21:40:00Z,2806050,Halo: Campaign Evolved,681
2026-08-31T21:50:00Z,2806050,Halo: Campaign Evolved,671
2026-08-31T22:00:00Z,2806050,Halo: Campaign Evolved,663
2026-08-31T22:10:00Z,2806050,Halo: Campaign Evolved,672
2026-08-31T22:20:00Z,2806050,Halo: Campaign Evolved,666
2026-08-31T22:30:00Z,2806050,Halo: Campaign Evolved,676
2026-08-31T22:40:00Z,2806050,Halo: Campaign Evolved,692
2026-08-31T22:50:00Z,2806050,Halo: Campaign Evolved,695
2026-08-31T23:00:00Z,2806050,Halo: Campaign Evolved,707
2026-08-31T23:10:00Z,2806050,Halo: Campaign Evolved,763
2026-08-31T23:20:00Z,2806050,Halo: Campaign Evolved,794
2026-08-31T23:30:00Z,2806050,Halo: Campaign Evolved,798
2026-08-31T23:40:00Z,2806050,Halo: Campaign Evolved,818
2026-08-31T23:50:00Z,2806050,Halo: Campaign Evolved,831
2026-09-01T00:00:00Z,2806050,Halo: Campaign Evolved,854
2026-09-01T00:10:00Z,2806050,Halo: Campaign Evolved,870
2026-09-01T00:20:00Z,2806050,Halo: Campaign Evolved,894
2026-09-01T00:30:00Z,2806050,Halo: Campaign Evolved,911
2026-09-01T00:40:00Z,2806050,Halo: Campaign Evolved,946
2026-09-01T00:50:00Z,2806050,Halo: Campaign Evolved,967
2026-09-01T01:00:00Z,2806050,Halo: Campaign Evolved,981
2026-09-01T01:10:00Z,2806050,Halo: Campaign Evolved,1002
2026-09-01T01:20:00Z,2806050,Halo: Campaign Evolved,1023
2026-09-01T01:30:00Z,2806050,Halo: Campaign Evolved,1027
2026-09-01T01:40:00Z,2806050,Halo: Campaign Evolved,1040
2026-09-01T01:50:00Z,2806050,Halo: Campaign Evolved,1048
2026-09-01T02:00:00Z,2806050,Halo: Campaign Evolved,1073
2026-09-01T02:10:00Z,2806050,Halo: Campaign Evolved,1067
2026-09-01T02:20:00Z,2806050,Halo: Campaign Evolved,1043
2026-09-01T02:30:00Z,2806050,Halo: Campaign Evolved,1062
2026-09-01T02:40:00Z,2806050,Halo: Campaign Evolved,1060
2026-09-01T02:50:00Z,2806050,Halo: Campaign Evolved,1049
2026-09-01T03:00:00Z,2806050,Halo: Campaign Evolved,1025
2026-09-01T03:10:00Z,2806050,Halo: Campaign Evolved,982
2026-09-01T03:20:00Z,2806050,Halo: Campaign Evolved,976
2026-09-01T03:30:00Z,2806050,Halo: Campaign Evolved,973
2026-09-01T03:40:00Z,2806050,Halo: Campaign Evolved,953
2026-09-01T03:50:00Z,2806050,Halo: Campaign Evolved,937
2026-09-01T04:00:00Z,2806050,Halo: Campaign Evolved,876
2026-09-01T04:10:00Z,2806050,Halo: Campaign Evolved,859
2026-09-01T04:20:00Z,2806050,Halo: Campaign Evolved,803
2026-09-01T04:30:00Z,2806050,Halo: Campaign Evolved,771
2026-09-01T04:40:00Z,2806050,Halo: Campaign Evolved,744
2026-09-01T04:50:00Z,2806050,Halo: Campaign Evolved,724
2026-09-01T05:00:00Z,2806050,Halo: Campaign Evolved,686
2026-09-01T05:10:00Z,2806050,Halo: Campaign Evolved,673
2026-09-01T05:20:00Z,2806050,Halo: Campaign Evolved,629
2026-09-01T05:30:00Z,2806050,Halo: Campaign Evolved,616
2026-09-01T05:40:00Z,2806050,Halo: Campaign Evolved,566
2026-09-01T05:50:00Z,2806050,Halo: Campaign Evolved,550
2026-09-01T06:00:00Z,2806050,Halo: Campaign Evolved,542
2026-09-01T06:10:00Z,2806050,Halo: Campaign Evolved,514
2026-09-01T06:20:00Z,2806050,Halo: Campaign Evolved,503
2026-09-01T06:30:00Z,2806050,Halo: Campaign Evolved,475
2026-09-01T06:40:00Z,2806050,Halo: Campaign Evolved,453
2026-09-01T06:50:00Z,2806050,Halo: Campaign Evolved,439
2026-09-01T07:00:00Z,2806050,Halo: Campaign Evolved,409
2026-09-01T07:10:00Z,2806050,Halo: Campaign Evolved,402
2026-09-01T07:20:00Z,2806050,Halo: Campaign Evolved,392
2026-09-01T07:30:00Z,2806050,Halo: Campaign Evolved,377
2026-09-01T07:40:00Z,2806050,Halo: Campaign Evolved,377
2026-09-01T07:50:00Z,2806050,Halo: Campaign Evolved,364
2026-09-01T08:00:00Z,2806050,Halo: Campaign Evolved,343
2026-09-01T08:10:00Z,2806050,Halo: Campaign Evolved,333
2026-09-01T08:20:00Z,2806050,Halo: Campaign Evolved,329
2026-09-01T08:30:00Z,2806050,Halo: Campaign Evolved,330
2026-09-01T08:40:00Z,2806050,Halo: Campaign Evolved,324
2026-09-01T08:50:00Z,2806050,Halo: Campaign Evolved,325
2026-09-01T09:00:00Z,2806050,Halo: Campaign Evolved,331
2026-09-01T09:10:00Z,2806050,Halo: Campaign Evolved,333
2026-09-01T09:20:00Z,2806050,Halo: Campaign Evolved,329
2026-09-01T09:30:00Z,2806050,Halo: Campaign Evolved,328
2026-09-01T09:40:00Z,2806050,Halo: Campaign Evolved,337
2026-09-01T09:50:00Z,2806050,Halo: Campaign Evolved,321
2026-09-01T10:00:00Z,2806050,Halo: Campaign Evolved,328
2026-09-01T10:10:00Z,2806050,Halo: Campaign Evolved,323
2026-09-01T10:20:00Z,2806050,Halo: Campaign Evolved,338
2026-09-01T10:30:00Z,2806050,Halo: Campaign Evolved,332
2026-09-01T10:40:00Z,2806050,Halo: Campaign Evolved,333
2026-09-01T10:50:00Z,2806050,Halo: Campaign Evolved,331
2026-09-01T11:00:00Z,2806050,Halo: Campaign Evolved,324
2026-09-01T11:10:00Z,2806050,Halo: Campaign Evolved,320
2026-09-01T11:20:00Z,2806050,Halo: Campaign Evolved,323
2026-09-01T11:30:00Z,2806050,Halo: Campaign Evolved,307
2026-09-01T11:40:00Z,2806050,Halo: Campaign Evolved,314
2026-09-01T11:50:00Z,2806050,Halo: Campaign Evolved,323
2026-09-01T12:00:00Z,2806050,Halo: Campaign Evolved,335
2026-09-01T12:10:00Z,2806050,Halo: Campaign Evolved,330
2026-09-01T12:20:00Z,2806050,Halo: Campaign Evolved,326
2026-09-01T12:30:00Z,2806050,Halo: Campaign Evolved,330
2026-09-01T12:40:00Z,2806050,Halo: Campaign Evolved,331
2026-09-01T12:50:00Z,2806050,Halo: Campaign Evolved,332
2026-09-01T13:00:00Z,2806050,Halo: Campaign Evolved,339
2026-09-01T13:10:00Z,2806050,Halo: Campaign Evolved,356
2026-09-01T13:20:00Z,2806050,Halo: Campaign Evolved,363
2026-09-01T13:30:00Z,2806050,Halo: Campaign Evolved,360
2026-09-01T13:40:00Z,2806050,Halo: Campaign Evolved,354
2026-09-01T13:50:00Z,2806050,Halo: Campaign Evolved,355
2026-09-01T14:00:00Z,2806050,Halo: Campaign Evolved,356
2026-09-01T14:10:00Z,2806050,Halo: Campaign Evolved,355
2026-09-01T14:20:00Z,2806050,Halo: Campaign Evolved,363
2026-09-01T14:30:00Z,2806050,Halo: Campaign Evolved,376
2026-09-01T14:40:00Z,2806050,Halo: Campaign Evolved,379
2026-09-01T14:50:00Z,2806050,Halo: Campaign Evolved,395
2026-09-01T15:00:00Z,2806050,Halo: Campaign Evolved,381
2026-09-01T15:10:00Z,2806050,Halo: Campaign Evolved,386
2026-09-01T15:20:00Z,2806050,Halo: Campaign Evolved,392
2026-09-01T15:30:00Z,2806050,Halo: Campaign Evolved,403
2026-09-01T15:40:00Z,2806050,Halo: Campaign Evolved,413
2026-09-01T15:50:00Z,2806050,Halo: Campaign Evolved,419
2026-09-01T16:00:00Z,2806050,Halo: Campaign Evolved,440
2026-09-01T16:10:00Z,2806050,Halo: Campaign Evolved,445
2026-09-01T16:20:00Z,2806050,Halo: Campaign Evolved,459
2026-09-01T16:30:00Z,2806050,Halo: Campaign Evolved,453
2026-09-01T16:40:00Z,2806050,Halo: Campaign Evolved,462
2026-09-01T16:50:00Z,2806050,Halo: Campaign Evolved,473
2026-09-01T17:00:00Z,2806050,Halo: Campaign Evolved,487
2026-09-01T17:10:00Z,2806050,Halo: Campaign Evolved,481
2026-09-01T17:20:00Z,2806050,Halo: Campaign Evolved,485
2026-09-01T17:30:00Z,2806050,Halo: Campaign Evolved,506
2026-09-01T17:40:00Z,2806050,Halo: Campaign Evolved,499
2026-09-01T17:50:00Z,2806050,Halo: Campaign Evolved,489
2026-09-01T18:00:00Z,2806050,Halo: Campaign Evolved,500
2026-09-01T18:10:00Z,2806050,Halo: Campaign Evolved,480
2026-09-01T18:20:00Z,2806050,Halo: Campaign Evolved,510
2026-09-01T18:30:00Z,2806050,Halo: Campaign Evolved,524
2026-09-01T18:40:00Z,2806050,Halo: Campaign Evolved,513
2026-09-01T18:50:00Z,2806050,Halo: Campaign Evolved,522
2026-09-01T19:00:00Z,2806050,Halo: Campaign Evolved,534
2026-09-01T19:10:00Z,2806050,Halo: Campaign Evolved,557
2026-09-01T19:20:00Z,2806050,Halo: Campaign Evolved,589
2026-09-01T19:30:00Z,2806050,Halo: Campaign Evolved,580
2026-09-01T19:40:00Z,2806050,Halo: Campaign Evolved,564
2026-09-01T19:50:00Z,2806050,Halo: Campaign Evolved,571
2026-09-01T20:00:00Z,2806050,Halo: Campaign Evolved,580
2026-09-01T20:10:00Z,2806050,Halo: Campaign Evolved,585
2026-09-01T20:20:00Z,2806050,Halo: Campaign Evolved,591
2026-09-01T20:30:00Z,2806050,Halo: Campaign Evolved,609
2026-09-01T20:40:00Z,2806050,Halo: Campaign Evolved,624
2026-09-01T20:50:00Z,2806050,Halo: Campaign Evolved,633
2026-09-01T21:00:00Z,2806050,Halo: Campaign Evolved,652
2026-09-01T21:10:00Z,2806050,Halo: Campaign Evolved,648
2026-09-01T21:20:00Z,2806050,Halo: Campaign Evolved,642
2026-09-01T21:30:00Z,2806050,Halo: Campaign Evolved,639
2026-09-01T21:40:00Z,2806050,Halo: Campaign Evolved,655
2026-09-01T21:50:00Z,2806050,Halo: Campaign Evolved,647
2026-09-01T22:00:00Z,2806050,Halo: Campaign Evolved,628
2026-09-01T22:10:00Z,2806050,Halo: Campaign Evolved,610
2026-09-01T22:20:00Z,2806050,Halo: Campaign Evolved,602
2026-09-01T22:30:00Z,2806050,Halo: Campaign Evolved,604
2026-09-01T22:40:00Z,2806050,Halo: Campaign Evolved,630
2026-09-01T22:50:00Z,2806050,Halo: Campaign Evolved,658
2026-09-01T23:00:00Z,2806050,Halo: Campaign Evolved,701
2026-09-01T23:10:00Z,2806050,Halo: Campaign Evolved,744
2026-09-01T23:20:00Z,2806050,Halo: Campaign Evolved,767
2026-09-01T23:30:00Z,2806050,Halo: Campaign Evolved,770
2026-09-01T23:40:00Z,2806050,Halo: Campaign Evolved,776
2026-09-01T23:50:00Z,2806050,Halo: Campaign Evolved,798
2026-09-02T00:00:00Z,2806050,Halo: Campaign Evolved,841
2026-09-02T00:10:00Z,2806050,Halo: Campaign Evolved,852
2026-09-02T00:20:00Z,2806050,Halo: Campaign Evolved,872
2026-09-02T00:30:00Z,2806050,Halo: Campaign Evolved,885
2026-09-02T00:40:00Z,2806050,Halo: Campaign Evolved,884
2026-09-02T00:50:00Z,2806050,Halo: Campaign Evolved,909
2026-09-02T01:00:00Z,2806050,Halo: Campaign Evolved,915
2026-09-02T01:10:00Z,2806050,Halo: Campaign Evolved,939
2026-09-02T01:20:00Z,2806050,Halo: Campaign Evolved,952
2026-09-02T01:30:00Z,2806050,Halo: Campaign Evolved,977
2026-09-02T01:40:00Z,2806050,Halo: Campaign Evolved,1008
2026-09-02T01:50:00Z,2806050,Halo: Campaign Evolved,1017
2026-09-02T02:00:00Z,2806050,Halo: Campaign Evolved,1037
2026-09-02T02:10:00Z,2806050,Halo: Campaign Evolved,1027
2026-09-02T02:20:00Z,2806050,Halo: Campaign Evolved,998
2026-09-02T02:30:00Z,2806050,Halo: Campaign Evolved,979
2026-09-02T02:40:00Z,2806050,Halo: Campaign Evolved,988
2026-09-02T02:50:00Z,2806050,Halo: Campaign Evolved,1000
2026-09-02T03:00:00Z,2806050,Halo: Campaign Evolved,978
2026-09-02T03:10:00Z,2806050,Halo: Campaign Evolved,934
2026-09-02T03:20:00Z,2806050,Halo: Campaign Evolved,888
2026-09-02T03:30:00Z,2806050,Halo: Campaign Evolved,857
2026-09-02T03:40:00Z,2806050,Halo: Campaign Evolved,835
2026-09-02T03:50:00Z,2806050,Halo: Campaign Evolved,798
2026-09-02T04:00:00Z,2806050,Halo: Campaign Evolved,773
2026-09-02T04:10:00Z,2806050,Halo: Campaign Evolved,744
2026-09-02T04:20:00Z,2806050,Halo: Campaign Evolved,742
2026-09-02T04:30:00Z,2806050,Halo: Campaign Evolved,726
2026-09-02T04:40:00Z,2806050,Halo: Campaign Evolved,707
2026-09-02T04:50:00Z,2806050,Halo: Campaign Evolved,684
2026-09-02T05:00:00Z,2806050,Halo: Campaign Evolved,664
2026-09-02T05:10:00Z,2806050,Halo: Campaign Evolved,626
2026-09-02T05:20:00Z,2806050,Halo: Campaign Evolved,585
2026-09-02T05:30:00Z,2806050,Halo: Campaign Evolved,559
2026-09-02T05:40:00Z,2806050,Halo: Campaign Evolved,526
2026-09-02T05:50:00Z,2806050,Halo: Campaign Evolved,493
2026-09-02T06:00:00Z,2806050,Halo: Campaign Evolved,459
2026-09-02T06:10:00Z,2806050,Halo: Campaign Evolved,438
2026-09-02T06:20:00Z,2806050,Halo: Campaign Evolved,429
2026-09-02T06:30:00Z,2806050,Halo: Campaign Evolved,398
2026-09-02T06:40:00Z,2806050,Halo: Campaign Evolved,401
2026-09-02T06:50:00Z,2806050,Halo: Campaign Evolved,396
2026-09-02T07:00:00Z,2806050,Halo: Campaign Evolved,383
2026-09-02T07:10:00Z,2806050,Halo: Campaign Evolved,357
2026-09-02T07:20:00Z,2806050,Halo: Campaign Evolved,350
2026-09-02T07:30:00Z,2806050,Halo: Campaign Evolved,329
2026-09-02T07:40:00Z,2806050,Halo: Campaign Evolved,315
2026-09-02T07:50:00Z,2806050,Halo: Campaign Evolved,316
2026-09-02T08:00:00Z,2806050,Halo: Campaign Evolved,302
2026-09-02T08:10:00Z,2806050,Halo: Campaign Evolved,296
2026-09-02T08:20:00Z,2806050,Halo: Campaign Evolved,286
2026-09-02T08:30:00Z,2806050,Halo: Campaign Evolved,276
2026-09-02T08:40:00Z,2806050,Halo: Campaign Evolved,265
2026-09-02T08:50:00Z,2806050,Halo: Campaign Evolved,259
2026-09-02T09:00:00Z,2806050,Halo: Campaign Evolved,258
2026-09-02T09:10:00Z,2806050,Halo: Campaign Evolved,247
2026-09-02T09:20:00Z,2806050,Halo: Campaign Evolved,254
2026-09-02T09:30:00Z,2806050,Halo: Campaign Evolved,259
2026-09-02T09:40:00Z,2806050,Halo: Campaign Evolved,253
2026-09-02T09:50:00Z,2806050,Halo: Campaign Evolved,252
2026-09-02T10:00:00Z,2806050,Halo: Campaign Evolved,266
2026-09-02T10:10:00Z,2806050,Halo: Campaign Evolved,254
2026-09-02T10:20:00Z,2806050,Halo: Campaign Evolved,260
2026-09-02T10:30:00Z,2806050,Halo: Campaign Evolved,257
2026-09-02T10:40:00Z,2806050,Halo: Campaign Evolved,268
2026-09-02T10:50:00Z,2806050,Halo: Campaign Evolved,285
2026-09-02T11:00:00Z,2806050,Halo: Campaign Evolved,289
2026-09-02T11:10:00Z,2806050,Halo: Campaign Evolved,305
2026-09-02T11:20:00Z,2806050,Halo: Campaign Evolved,306
2026-09-02T11:30:00Z,2806050,Halo: Campaign Evolved,308
2026-09-02T11:40:00Z,2806050,Halo: Campaign Evolved,330
2026-09-02T11:50:00Z,2806050,Halo: Campaign Evolved,330
2026-09-02T12:00:00Z,2806050,Halo: Campaign Evolved,339
2026-09-02T12:10:00Z,2806050,Halo: Campaign Evolved,331
2026-09-02T12:20:00Z,2806050,Halo: Campaign Evolved,330
2026-09-02T12:30:00Z,2806050,Halo: Campaign Evolved,328
2026-09-02T12:40:00Z,2806050,Halo: Campaign Evolved,329
2026-09-02T12:50:00Z,2806050,Halo: Campaign Evolved,323
2026-09-02T13:00:00Z,2806050,Halo: Campaign Evolved,330
2026-09-02T13:10:00Z,2806050,Halo: Campaign Evolved,324
2026-09-02T13:20:00Z,2806050,Halo: Campaign Evolved,332
2026-09-02T13:30:00Z,2806050,Halo: Campaign Evolved,341
2026-09-02T13:40:00Z,2806050,Halo: Campaign Evolved,321
2026-09-02T13:50:00Z,2806050,Halo: Campaign Evolved,331
2026-09-02T14:00:00Z,2806050,Halo: Campaign Evolved,342
2026-09-02T14:10:00Z,2806050,Halo: Campaign Evolved,335
2026-09-02T14:20:00Z,2806050,Halo: Campaign Evolved,339
2026-09-02T14:30:00Z,2806050,Halo: Campaign Evolved,366
2026-09-02T14:40:00Z,2806050,Halo: Campaign Evolved,380
2026-09-02T14:45:18Z,3065800,Marathon,1638
2026-09-02T14:50:00Z,2806050,Halo: Campaign Evolved,395
2026-09-02T14:57:22Z,3065800,Marathon,1665
2026-09-02T15:00:00Z,2806050,Halo: Campaign Evolved,383
2026-09-02T15:03:32Z,3065800,Marathon,1665
2026-09-02T15:10:00Z,2806050,Halo: Campaign Evolved,390
2026-09-02T15:14:52Z,3065800,Marathon,1662
2026-09-02T15:14:52Z,3159330,Assassin's Creed Shadows,2086
2026-09-02T15:20:00Z,2806050,Halo: Campaign Evolved,400
2026-09-02T15:27:14Z,1934570,South of Midnight,21
2026-09-02T15:27:14Z,2806050,Halo: Campaign Evolved,397
2026-09-02T15:27:14Z,3065800,Marathon,1683
2026-09-02T15:27:14Z,3159330,Assassin's Creed Shadows,2054
2026-09-02T15:27:14Z,3489700,Stellar Blade,3589
2026-09-02T15:30:00Z,2806050,Halo: Campaign Evolved,406
